상가업소번호,상호명,시군구코드,시군구명,법정동코드,법정동명,지번주소,도로명,경도,위도,year,bus_cnt,HubName,HubDist,star,coffee,paul,mega,com,paik,high,low,total
25964875,스타벅스,11680,강남구,1168010600,대치동,서울특별시 강남구 대치동 936-15,서울특별시 강남구 선릉로64길,127.0537151,37.49794579,2020,2,한티역,234.1068249,87,79,15,7,5,11,181,23,204
20015708,스타벅스,11650,서초구,1165010800,서초동,서울특별시 서초구 서초동 1457-1,서울특별시 서초구 효령로,127.0141978,37.48438612,2020,4,남부터미널역,271.456342,45,34,9,5,1,9,88,15,103
22934175,스타벅스,11680,강남구,1168010700,신사동,서울특별시 강남구 신사동 529-10,서울특별시 강남구 논현로175길,127.0216293,37.52318421,2020,2,신사역,468.307786,87,79,15,7,5,11,181,23,204
28520216,스타벅스,11305,강북구,1130510100,미아동,서울특별시 강북구 미아동 35-30,서울특별시 강북구 도봉로,127.0306855,37.61184062,2020,6,미아사거리역,355.3941609,5,2,0,9,0,2,7,11,18
16095836,스타벅스,11680,강남구,1168010500,삼성동,서울특별시 강남구 삼성동 114-9,서울특별시 강남구 봉은사로,127.048501,37.51135667,2020,1,중앙역,31.89276591,87,79,15,7,5,11,181,23,204
16129812,스타벅스,11650,서초구,1165010100,방배동,서울특별시 서초구 방배동 907-1,서울특별시 서초구 방배로,126.9960731,37.48433262,2020,4,방배역,348.1819014,45,34,9,5,1,9,88,15,103
20385969,스타벅스,11650,서초구,1165010600,잠원동,서울특별시 서초구 잠원동 70-1,서울특별시 서초구 잠원로,127.006958,37.51024881,2020,4,반포역,482.2761921,45,34,9,5,1,9,88,15,103
23224039,스타벅스,11680,강남구,1168010400,청담동,서울특별시 강남구 청담동 52-1,서울특별시 강남구 도산대로,127.0515717,37.52433852,2020,1,청담역,680.1970474,87,79,15,7,5,11,181,23,204
23517515,스타벅스,11650,서초구,1165010700,반포동,서울특별시 서초구 반포동 118-3,서울특별시 서초구 사평대로,127.0078261,37.50448036,2020,0,고속터미널역,262.3461547,45,34,9,5,1,9,88,15,103
5133712,스타벅스,11680,강남구,1168010500,삼성동,서울특별시 강남구 삼성동 159,서울특별시 강남구 영동대로,127.0571003,37.5129394,2020,2,봉은사역,580.9937226,87,79,15,7,5,11,181,23,204
20430267,스타벅스,11680,강남구,1168010800,논현동,서울특별시 강남구 논현동 216-5,서울특별시 강남구 논현로,127.032255,37.5115851,2020,2,학동역,304.1307396,87,79,15,7,5,11,181,23,204
20482725,스타벅스,11680,강남구,1168010300,개포동,서울특별시 강남구 개포동 1229-1,서울특별시 강남구 논현로,127.0451163,37.47781003,2020,5,매봉역,1029.502388,87,79,15,7,5,11,181,23,204
25928281,스타벅스,11680,강남구,1168010500,삼성동,서울특별시 강남구 삼성동 52-17,서울특별시 강남구 삼성로,127.051147,37.51767632,2020,2,강남구청역,350.3978899,87,79,15,7,5,11,181,23,204
23197283,스타벅스,11650,서초구,1165010800,서초동,서울특별시 서초구 서초동 1693-3,서울특별시 서초구 서초중앙로,127.0139553,37.49423264,2020,5,교대역,311.616614,45,34,9,5,1,9,88,15,103
20691462,스타벅스,11650,서초구,1165010100,방배동,서울특별시 서초구 방배동 908-10,서울특별시 서초구 방배로,126.9976309,37.48198508,2020,10,방배역,93.67256625,45,34,9,5,1,9,88,15,103
16219813,스타벅스,11680,강남구,1168011800,도곡동,서울특별시 강남구 도곡동 956,서울특별시 강남구 남부순환로,127.036609,37.48524679,2020,7,양재역,289.3841629,87,79,15,7,5,11,181,23,204
25730277,스타벅스,11290,성북구,1129012500,안암동5가,서울특별시 성북구 안암동5가 1-2,서울특별시 성북구 인촌로,127.0309577,37.58648758,2020,4,안암역,143.6852644,15,3,0,10,0,7,18,17,35
25467314,스타벅스,11680,강남구,1168010800,논현동,서울특별시 강남구 논현동 1-3,서울특별시 강남구 도산대로,127.0206347,37.5161838,2020,4,신사역,416.5557704,87,79,15,7,5,11,181,23,204
20391638,스타벅스,11680,강남구,1168010800,논현동,서울특별시 강남구 논현동 241-7,서울특별시 강남구 선릉로,127.0412398,37.51660516,2020,4,강남구청역,559.6768298,87,79,15,7,5,11,181,23,204
23321462,스타벅스,11680,강남구,1168010100,역삼동,서울특별시 강남구 역삼동 830-69,서울특별시 강남구 역삼로,127.0330005,37.49412876,2020,2,강남역,281.4706558,87,79,15,7,5,11,181,23,204
20250808,스타벅스,11290,성북구,1129012500,안암동5가,서울특별시 성북구 안암동5가 92,서울특별시 성북구 인촌로,127.0307477,37.5860984,2020,5,안암역,118.5928193,15,3,0,10,0,7,18,17,35
20006883,스타벅스,11650,서초구,1165010800,서초동,서울특별시 서초구 서초동 1327-5,서울특별시 서초구 서초대로78길,127.027735,37.49553624,2020,7,강남역,440.2828511,45,34,9,5,1,9,88,15,103
25585003,스타벅스,11680,강남구,1168010800,논현동,서울특별시 강남구 논현동 5-1,서울특별시 강남구 도산대로,127.0233685,37.51734176,2020,0,신사역,479.2690266,87,79,15,7,5,11,181,23,204
20017739,스타벅스,11680,강남구,1168011800,도곡동,서울특별시 강남구 도곡동 467-17,서울특별시 강남구 언주로30길,127.0541634,37.48929922,2020,2,도곡역,171.163384,87,79,15,7,5,11,181,23,204
20025735,스타벅스,11680,강남구,1168010100,역삼동,서울특별시 강남구 역삼동 747-21,서울특별시 강남구 논현로,127.0388807,37.49591579,2020,3,동오역,478.4249724,87,79,15,7,5,11,181,23,204
12434847,스타벅스,11680,강남구,1168010700,신사동,서울특별시 강남구 신사동 533-11,서울특별시 강남구 압구정로12길,127.022506,37.52188494,2020,0,신사역,414.1726225,87,79,15,7,5,11,181,23,204
20026165,스타벅스,11680,강남구,1168010500,삼성동,서울특별시 강남구 삼성동 159-6,서울특별시 강남구 테헤란로87길,127.0594268,37.50962404,2020,0,봉은사역,664.3965144,87,79,15,7,5,11,181,23,204
22555126,스타벅스,11680,강남구,1168010600,대치동,서울특별시 강남구 대치동 996-9,서울특별시 강남구 테헤란로104길,127.065231,37.50858885,2020,2,봉은사역,708.5392871,87,79,15,7,5,11,181,23,204
20005051,스타벅스,11650,서초구,1165010600,잠원동,서울특별시 서초구 잠원동 58-24,서울특별시 서초구 나루터로4길,127.013448,37.50958236,2020,0,반포역,201.6544684,45,34,9,5,1,9,88,15,103
20424762,스타벅스,11680,강남구,1168010100,역삼동,서울특별시 강남구 역삼동 826-26,서울특별시 강남구 테헤란로2길,127.0296792,37.49648032,2020,3,강남역,466.3858573,87,79,15,7,5,11,181,23,204
20025300,스타벅스,11680,강남구,1168010100,역삼동,서울특별시 강남구 역삼동 646-15,서울특별시 강남구 테헤란로,127.0351776,37.50070625,2020,1,동오역,158.1703565,87,79,15,7,5,11,181,23,204
23316524,스타벅스,11650,서초구,1165010800,서초동,서울특별시 서초구 서초동 1317-23,서울특별시 서초구 서초대로,127.0259036,37.49809817,2020,5,강남역,766.0452352,45,34,9,5,1,9,88,15,103
23213262,스타벅스,11710,송파구,1171010400,송파동,서울특별시 송파구 송파동 7-4,서울특별시 송파구 석촌호수로,127.1052164,37.50943014,2020,0,잠실역,585.3557016,33,17,1,8,6,10,51,24,75
12338982,스타벅스,11680,강남구,1168010400,청담동,서울특별시 강남구 청담동 89-4,서울특별시 강남구 도산대로57길,127.0418193,37.52525095,2020,0,압구정로데오역,467.8398667,87,79,15,7,5,11,181,23,204
20028687,스타벅스,11680,강남구,1168010600,대치동,서울특별시 강남구 대치동 988-17,서울특별시 강남구 도곡로,127.0622213,37.49962651,2020,1,대치역,573.7853677,87,79,15,7,5,11,181,23,204
20389762,스타벅스,11350,노원구,1135010200,월계동,서울특별시 노원구 월계동 410-1,서울특별시 노원구 석계로,127.0607054,37.62317518,2020,6,광운대역,140.7357031,11,3,0,12,2,6,14,20,34
20295450,스타벅스,11650,서초구,1165010800,서초동,서울특별시 서초구 서초동 1699-3,서울특별시 서초구 서초중앙로,127.013362,37.49635417,2020,2,교대역,390.7206732,45,34,9,5,1,9,88,15,103
20607525,스타벅스,11680,강남구,1168010600,대치동,서울특별시 강남구 대치동 507,서울특별시 강남구 남부순환로,127.0619041,37.49334362,2020,4,대치역,177.358406,87,79,15,7,5,11,181,23,204
25747966,스타벅스,11680,강남구,1168010100,역삼동,서울특별시 강남구 역삼동 837-36,서울특별시 강남구 강남대로,127.0318013,37.49065888,2020,3,강남역,211.7447532,87,79,15,7,5,11,181,23,204
20093795,스타벅스,11710,송파구,1171010100,잠실동,서울특별시 송파구 잠실동 175,서울특별시 송파구 백제고분로,127.0790291,37.51052638,2020,3,종합운동장역,422.6868442,33,17,1,8,6,10,51,24,75
12421780,스타벅스,11650,서초구,1165010100,방배동,서울특별시 서초구 방배동 777-11,서울특별시 서초구 방배중앙로,126.9865526,37.49352318,2020,2,구반포역,902.3405603,45,34,9,5,1,9,88,15,103
23513141,스타벅스,11710,송파구,1171011100,방이동,서울특별시 송파구 방이동 181,서울특별시 송파구 위례성대로,127.122997,37.51332992,2020,1,방이역,627.3547002,33,17,1,8,6,10,51,24,75
25744200,스타벅스,11680,강남구,1168010500,삼성동,서울특별시 강남구 삼성동 91-31,서울특별시 강남구 영동대로,127.0601934,37.51524372,2020,2,봉은사역,275.5584005,87,79,15,7,5,11,181,23,204
25729943,스타벅스,11680,강남구,1168011400,일원동,서울특별시 강남구 일원동 50,서울특별시 강남구 일원로,127.0895788,37.49033434,2020,0,일원역,835.8181512,87,79,15,7,5,11,181,23,204
11798770,스타벅스,11680,강남구,1168010100,역삼동,서울특별시 강남구 역삼동 798-30,서울특별시 강남구 도곡로,127.0393917,37.49222561,2020,2,동오역,856.7836136,87,79,15,7,5,11,181,23,204
23454449,스타벅스,11650,서초구,1165010200,양재동,서울특별시 서초구 양재동 14-4,서울특별시 서초구 강남대로,127.0368501,37.48232032,2020,4,양재역,410.5648354,45,34,9,5,1,9,88,15,103
20378251,스타벅스,11680,강남구,1168010700,신사동,서울특별시 강남구 신사동 639-7,서울특별시 강남구 언주로174길,127.03642,37.52810841,2020,2,압구정로데오역,453.3403442,87,79,15,7,5,11,181,23,204
16602466,스타벅스,11650,서초구,1165010100,방배동,서울특별시 서초구 방배동 1022-5,서울특별시 서초구 방배로,126.9994187,37.47934212,2020,4,방배역,302.2169699,45,34,9,5,1,9,88,15,103
25742491,스타벅스,11680,강남구,1168010100,역삼동,서울특별시 강남구 역삼동 755,서울특별시 강남구 역삼로,127.0484061,37.49922769,2020,2,한티역,281.5968919,87,79,15,7,5,11,181,23,204
20545007,스타벅스,11710,송파구,1171010700,가락동,서울특별시 송파구 가락동 79,서울특별시 송파구 중대로,127.1215333,37.49440578,2020,4,가락시장역,336.5374226,33,17,1,8,6,10,51,24,75
16607287,스타벅스,11350,노원구,1135010300,공릉동,서울특별시 노원구 공릉동 597-34,서울특별시 노원구 동일로,127.0742049,37.62074093,2020,1,태릉입구역,195.7540245,11,3,0,12,2,6,14,20,34
16607096,스타벅스,11350,노원구,1135010200,월계동,서울특별시 노원구 월계동 633-31,서울특별시 노원구 초안산로2라길,127.0566071,37.63014355,2020,2,월계역,220.1446919,11,3,0,12,2,6,14,20,34
16728063,스타벅스,11290,성북구,1129013400,길음동,서울특별시 성북구 길음동 25-2,서울특별시 성북구 도봉로,127.029849,37.6108426,2020,4,미아사거리역,461.8122801,15,3,0,10,0,7,18,17,35
16598031,스타벅스,11350,노원구,1135010500,상계동,서울특별시 노원구 상계동 372-16,서울특별시 노원구 노원로,127.0664264,37.65665805,2020,8,노원역,604.6275863,11,3,0,12,2,6,14,20,34
25683194,스타벅스,11650,서초구,1165010600,잠원동,서울특별시 서초구 잠원동 70-2,서울특별시 서초구 잠원로,127.0074239,37.50923454,2020,3,반포역,403.4108373,45,34,9,5,1,9,88,15,103
16726801,스타벅스,11290,성북구,1129010300,돈암동,서울특별시 성북구 돈암동 625-2,서울특별시 성북구 정릉로,127.0252978,37.60201096,2020,4,길음역,138.9438172,15,3,0,10,0,7,18,17,35
16726897,스타벅스,11320,도봉구,1132010700,창동,서울특별시 도봉구 창동 135-26,서울특별시 도봉구 노해로65길,127.0466801,37.65162553,2020,3,창동역,1011.669291,2,0,0,7,0,2,2,9,11
16727116,스타벅스,11680,강남구,1168010100,역삼동,서울특별시 강남구 역삼동 648-22,서울특별시 강남구 테헤란로,127.0316633,37.49959623,2020,0,동오역,345.0491041,87,79,15,7,5,11,181,23,204
20009577,스타벅스,11650,서초구,1165010200,양재동,서울특별시 서초구 양재동 4-3,서울특별시 서초구 논현로,127.0425756,37.48198841,2020,6,매봉역,664.881267,45,34,9,5,1,9,88,15,103
25797473,스타벅스,11680,강남구,1168010100,역삼동,서울특별시 강남구 역삼동 679-4,서울특별시 강남구 테헤란로,127.0377338,37.50157409,2020,4,역삼역,265.1995969,87,79,15,7,5,11,181,23,204
25902757,스타벅스,11680,강남구,1168010400,청담동,서울특별시 강남구 청담동 84-3,서울특별시 강남구 선릉로,127.0405131,37.52653786,2020,0,압구정로데오역,329.2740261,87,79,15,7,5,11,181,23,204
23208222,스타벅스,11320,도봉구,1132010700,창동,서울특별시 도봉구 창동 659-5,서울특별시 도봉구 도봉로,127.0348687,37.64834884,2020,5,쌍문역,81.13411121,2,0,0,7,0,2,2,9,11
16730041,스타벅스,11680,강남구,1168010100,역삼동,서울특별시 강남구 역삼동 721-13,서울특별시 강남구 언주로,127.043044,37.50111264,2020,1,역삼역,218.1567574,87,79,15,7,5,11,181,23,204
20389010,스타벅스,11680,강남구,1168010100,역삼동,서울특별시 강남구 역삼동 701-7,서울특별시 강남구 테헤란로,127.0437621,37.50333505,2020,2,역삼역,391.9664849,87,79,15,7,5,11,181,23,204
23196601,스타벅스,11650,서초구,1165010800,서초동,서울특별시 서초구 서초동 1327-29,서울특별시 서초구 서초대로74길,127.0274035,37.49493882,2020,3,강남역,409.6786299,45,34,9,5,1,9,88,15,103
20699038,스타벅스,11680,강남구,1168010700,신사동,서울특별시 강남구 신사동 635-13,서울특별시 강남구 압구정로42길,127.0347168,37.52683303,2020,0,압구정로데오역,647.4336657,87,79,15,7,5,11,181,23,204
22800473,스타벅스,11350,노원구,1135010500,상계동,서울특별시 노원구 상계동 723,서울특별시 노원구 노해로,127.0638259,37.65436683,2020,3,노원역,280.9447354,11,3,0,12,2,6,14,20,34
20880708,스타벅스,11710,송파구,1171010200,신천동,서울특별시 송파구 신천동 11-4,서울특별시 송파구 올림픽로35가길,127.1034466,37.51743613,2020,1,잠실나루역,204.8827292,33,17,1,8,6,10,51,24,75
25274618,스타벅스,11710,송파구,1171010400,송파동,서울특별시 송파구 송파동 96-7,서울특별시 송파구 송파대로,127.1103348,37.50226933,2020,2,석촌역,127.5640618,33,17,1,8,6,10,51,24,75
25808541,스타벅스,11650,서초구,1165010800,서초동,서울특별시 서초구 서초동 1303-16,서울특별시 서초구 서초대로77길,127.0238869,37.50272196,2020,4,신논현역,842.5284559,45,34,9,5,1,9,88,15,103
20088322,스타벅스,11290,성북구,1129010200,성북동1가,서울특별시 성북구 성북동1가 35-1,서울특별시 성북구 성북로,127.0049043,37.58904601,2020,5,한성대입구역,252.4509408,15,3,0,10,0,7,18,17,35
11765466,스타벅스,11680,강남구,1168010500,삼성동,서울특별시 강남구 삼성동 157-36,서울특별시 강남구 테헤란로,127.0574281,37.50756271,2020,3,봉은사역,951.9492086,87,79,15,7,5,11,181,23,204
16308823,스타벅스,11680,강남구,1168010600,대치동,서울특별시 강남구 대치동 599,서울특별시 강남구 남부순환로,127.0626465,37.49456594,2020,5,대치역,54.23283841,87,79,15,7,5,11,181,23,204
20007418,스타벅스,11650,서초구,1165010800,서초동,서울특별시 서초구 서초동 1307-19,서울특별시 서초구 서초대로77길,127.0254816,37.50011306,2020,9,신논현역,929.5735097,45,34,9,5,1,9,88,15,103
25643095,스타벅스,11710,송파구,1171010500,석촌동,서울특별시 송파구 석촌동 286-9,서울특별시 송파구 백제고분로,127.1060134,37.50424607,2020,2,석촌역,410.1456636,33,17,1,8,6,10,51,24,75
11707694,스타벅스,11290,성북구,1129013500,종암동,서울특별시 성북구 종암동 3-686,서울특별시 성북구 종암로,127.0339835,37.60118133,2020,3,월곡역,660.7604414,15,3,0,10,0,7,18,17,35
12573377,스타벅스,11710,송파구,1171010800,문정동,서울특별시 송파구 문정동 651,서울특별시 송파구 송파대로,127.1207441,37.4845513,2020,0,문정역,363.7381875,33,17,1,8,6,10,51,24,75
12553778,스타벅스,11290,성북구,1129013600,하월곡동,서울특별시 성북구 하월곡동 89-7,서울특별시 성북구 동소문로,127.029302,37.60761238,2020,5,길음역,628.5979132,15,3,0,10,0,7,18,17,35
12576496,스타벅스,11650,서초구,1165010600,잠원동,서울특별시 서초구 잠원동 21-7,서울특별시 서초구 강남대로,127.019521,37.51485002,2020,4,신사역,534.7680189,45,34,9,5,1,9,88,15,103
25637642,스타벅스,11710,송파구,1171010700,가락동,서울특별시 송파구 가락동 125-6,서울특별시 송파구 동남로,127.126233,37.49189964,2020,2,문정역,619.3329099,33,17,1,8,6,10,51,24,75
11516500,스타벅스,11290,성북구,1129012500,안암동5가,서울특별시 성북구 안암동5가 126-1,서울특별시 성북구 인촌로,127.0263415,37.58709834,2020,4,안암역,292.3323847,15,3,0,10,0,7,18,17,35
12563750,스타벅스,11710,송파구,1171010200,신천동,서울특별시 송파구 신천동 7-30,서울특별시 송파구 송파대로,127.098885,37.51577952,2020,4,잠실역,339.4354367,33,17,1,8,6,10,51,24,75
12042236,스타벅스,11680,강남구,1168010600,대치동,서울특별시 강남구 대치동 941-19,서울특별시 강남구 도곡로,127.0601595,37.49899741,2020,2,대치역,567.1495898,87,79,15,7,5,11,181,23,204
12076165,스타벅스,11710,송파구,1171011100,방이동,서울특별시 송파구 방이동 226-10,서울특별시 송파구 오금로,127.1205089,37.50654446,2020,2,방이역,467.4251687,33,17,1,8,6,10,51,24,75
25694521,스타벅스,11650,서초구,1165010700,반포동,서울특별시 서초구 반포동 19-3,서울특별시 서초구 신반포로,127.0023932,37.50393001,2020,3,고속터미널역,243.5394872,45,34,9,5,1,9,88,15,103
16764830,스타벅스,11680,강남구,1168010600,대치동,서울특별시 강남구 대치동 993-1,서울특별시 강남구 영동대로,127.0670514,37.50045769,2020,3,학여울역,590.8190563,87,79,15,7,5,11,181,23,204
11869893,스타벅스,11650,서초구,1165011100,신원동,서울특별시 서초구 신원동 205-1,서울특별시 서초구 청계산로,127.0562524,37.4472724,2020,1,청계산입구역,197.6080291,45,34,9,5,1,9,88,15,103
12666554,스타벅스,11680,강남구,1168010100,역삼동,서울특별시 강남구 역삼동 813-17,서울특별시 강남구 봉은사로2길,127.0266434,37.50209594,2020,12,신논현역,695.7146292,87,79,15,7,5,11,181,23,204
11935008,스타벅스,11710,송파구,1171010800,문정동,서울특별시 송파구 문정동 628,서울특별시 송파구 충민로,127.1193706,37.47826065,2020,2,장지역,646.0001967,33,17,1,8,6,10,51,24,75
11970460,스타벅스,11680,강남구,1168010700,신사동,서울특별시 강남구 신사동 609,서울특별시 강남구 압구정로30길,127.0295417,37.52632207,2020,2,압구정역,326.8022247,87,79,15,7,5,11,181,23,204
11931405,스타벅스,11680,강남구,1168010800,논현동,서울특별시 강남구 논현동 216-5,서울특별시 강남구 논현로,127.032255,37.5115851,2020,2,학동역,304.1307396,87,79,15,7,5,11,181,23,204
11931313,스타벅스,11680,강남구,1168010600,대치동,서울특별시 강남구 대치동 960-5,서울특별시 강남구 삼성로,127.0588155,37.50335683,2020,2,한티역,787.7522044,87,79,15,7,5,11,181,23,204
11836610,스타벅스,11650,서초구,1165010600,잠원동,서울특별시 서초구 잠원동 58-24,서울특별시 서초구 신반포로,127.0119225,37.50861449,2020,2,반포역,35.85507252,45,34,9,5,1,9,88,15,103
8730737,스타벅스,11710,송파구,1171010800,문정동,서울특별시 송파구 문정동 628,서울특별시 송파구 충민로,127.1193706,37.47826065,2020,2,장지역,646.0001967,33,17,1,8,6,10,51,24,75
12665937,스타벅스,11680,강남구,1168010100,역삼동,서울특별시 강남구 역삼동 825,서울특별시 강남구 강남대로,127.0285648,37.49783175,2020,4,강남역,636.4013209,87,79,15,7,5,11,181,23,204
26268835,스타벅스,11680,강남구,1168010100,역삼동,서울특별시 강남구 역삼동 831-25,서울특별시 강남구 강남대로78길,127.0305366,37.49489249,2020,3,강남역,281.4682179,87,79,15,7,5,11,181,23,204
8735684,스타벅스,11680,강남구,1168010100,역삼동,서울특별시 강남구 역삼동 677-25,서울특별시 강남구 테헤란로,127.0406526,37.50239076,2020,0,역삼역,169.6885872,87,79,15,7,5,11,181,23,204
20082320,스타벅스,11650,서초구,1165010800,서초동,서울특별시 서초구 서초동 1439-14,서울특별시 서초구 남부순환로339길,127.0215728,37.48591615,2020,3,남부터미널역,555.1464061,45,34,9,5,1,9,88,15,103
8736083,스타벅스,11680,강남구,1168010800,논현동,서울특별시 강남구 논현동 235-11,서울특별시 강남구 봉은사로,127.0353547,37.50804228,2020,2,언주역,243.0386113,87,79,15,7,5,11,181,23,204
16109325,스타벅스,11710,송파구,1171011200,오금동,서울특별시 송파구 오금동 20-17,서울특별시 송파구 마천로7길,127.1281717,37.50898908,2020,2,방이역,262.6847972,33,17,1,8,6,10,51,24,75
20325090,스타벅스,11680,강남구,1168010500,삼성동,서울특별시 강남구 삼성동 53,서울특별시 강남구 학동로,127.0514396,37.51868785,2020,4,강남구청역,374.9339911,87,79,15,7,5,11,181,23,204
20488763,스타벅스,11680,강남구,1168010400,청담동,서울특별시 강남구 청담동 84-3,서울특별시 강남구 선릉로,127.0405131,37.52653786,2020,0,압구정로데오역,329.2740261,87,79,15,7,5,11,181,23,204
11978034,스타벅스,11290,성북구,1129011700,동선동2가,서울특별시 성북구 동선동2가 134,서울특별시 성북구 보문로34길,127.0188421,37.59082962,2020,1,성신여대입구역,311.0055052,15,3,0,10,0,7,18,17,35
25285303,스타벅스,11290,성북구,1129013500,종암동,서울특별시 성북구 종암동 3-1297,서울특별시 성북구 종암로28길,127.0342762,37.60130987,2020,3,월곡역,633.7626581,15,3,0,10,0,7,18,17,35
16113431,스타벅스,11710,송파구,1171010700,가락동,서울특별시 송파구 가락동 174-14,서울특별시 송파구 오금로,127.1362616,37.4969833,2020,3,개롱역,279.4516481,33,17,1,8,6,10,51,24,75
12064739,스타벅스,11305,강북구,1130510100,미아동,서울특별시 강북구 미아동 812-2,서울특별시 강북구 삼양로,127.0211081,37.61838418,2020,5,삼양사거리역,334.0011211,5,2,0,9,0,2,7,11,18
12510878,스타벅스,11680,강남구,1168010400,청담동,서울특별시 강남구 청담동 44-12,서울특별시 강남구 학동로,127.045958,37.5183013,2020,1,강남구청역,113.8406876,87,79,15,7,5,11,181,23,204
12611340,스타벅스,11710,송파구,1171010900,장지동,서울특별시 송파구 장지동 884,서울특별시 송파구 위례광장로,127.1437439,37.47854792,2020,3,거여역,1749.685832,33,17,1,8,6,10,51,24,75
9780390,스타벅스,11350,노원구,1135010200,월계동,서울특별시 노원구 월계동 333-1,서울특별시 노원구 마들로3길,127.0619664,37.62650103,2020,0,광운대역,343.6029602,11,3,0,12,2,6,14,20,34
12584840,스타벅스,11710,송파구,1171010800,문정동,서울특별시 송파구 문정동 618,서울특별시 송파구 송파대로,127.1248723,37.47961708,2020,4,장지역,273.2397237,33,17,1,8,6,10,51,24,75
23311558,스타벅스,11680,강남구,1168010400,청담동,서울특별시 강남구 청담동 6-5,서울특별시 강남구 도산대로,127.0468501,37.52375987,2020,2,강남구청역,616.7560619,87,79,15,7,5,11,181,23,204
23248292,스타벅스,11710,송파구,1171011200,오금동,서울특별시 송파구 오금동 17-8,서울특별시 송파구 마천로,127.1266385,37.50854524,2020,3,방이역,119.2263588,33,17,1,8,6,10,51,24,75
16009661,스타벅스,11650,서초구,1165010800,서초동,서울특별시 서초구 서초동 1329-7,서울특별시 서초구 강남대로,127.0292201,37.49351207,2020,9,강남역,184.1142638,45,34,9,5,1,9,88,15,103
20691915,스타벅스,11680,강남구,1168010700,신사동,서울특별시 강남구 신사동 583-3,서울특별시 강남구 논현로,127.0278969,37.52404691,2020,2,압구정역,67.52155214,87,79,15,7,5,11,181,23,204
12520814,스타벅스,11710,송파구,1171010200,신천동,서울특별시 송파구 신천동 7-30,서울특별시 송파구 올림픽로35길,127.098885,37.51577952,2020,4,잠실역,339.4354367,33,17,1,8,6,10,51,24,75
16059494,스타벅스,11650,서초구,1165010800,서초동,서울특별시 서초구 서초동 1365-23,서울특별시 서초구 남부순환로,127.03005,37.48442722,2020,4,양재역,297.9475544,45,34,9,5,1,9,88,15,103
12129375,스타벅스,11710,송파구,1171011100,방이동,서울특별시 송파구 방이동 22-5,서울특별시 송파구 오금로,127.1074057,37.51460076,2020,1,몽촌토성역,398.6035408,33,17,1,8,6,10,51,24,75
20540030,스타벅스,11680,강남구,1168010800,논현동,서울특별시 강남구 논현동 235-11,서울특별시 강남구 봉은사로,127.0353547,37.50804228,2020,2,언주역,243.0386113,87,79,15,7,5,11,181,23,204
19984883,스타벅스,11710,송파구,1171010100,잠실동,서울특별시 송파구 잠실동 40,서울특별시 송파구 올림픽로,127.0944673,37.51066377,2020,0,잠실새내역,473.2514172,33,17,1,8,6,10,51,24,75
20012839,스타벅스,11650,서초구,1165010800,서초동,서울특별시 서초구 서초동 1451-95,서울특별시 서초구 남부순환로323길,127.0134831,37.48112734,2020,4,남부터미널역,634.9648466,45,34,9,5,1,9,88,15,103
23186849,스타벅스,11710,송파구,1171010100,잠실동,서울특별시 송파구 잠실동 181,서울특별시 송파구 올림픽로,127.0812008,37.51145336,2020,0,종합운동장역,611.0016532,33,17,1,8,6,10,51,24,75
23310463,스타벅스,11290,성북구,1129010500,동소문동2가,서울특별시 성북구 동소문동2가 11,서울특별시 성북구 동소문로,127.0073203,37.58872396,2020,5,한성대입구역,42.58356246,15,3,0,10,0,7,18,17,35
19993461,스타벅스,11290,성북구,1129012500,안암동5가,서울특별시 성북구 안암동5가 1-2,서울특별시 성북구 안암로,127.0317018,37.58848499,2020,0,안암역,333.3843209,15,3,0,10,0,7,18,17,35
20023633,스타벅스,11680,강남구,1168010500,삼성동,서울특별시 강남구 삼성동 144-25,서울특별시 강남구 테헤란로,127.0555809,37.50694425,2020,4,선릉역,766.3550335,87,79,15,7,5,11,181,23,204
12478338,스타벅스,11710,송파구,1171011100,방이동,서울특별시 송파구 방이동 226-10,서울특별시 송파구 오금로,127.1205658,37.50650884,2020,2,방이역,464.1415312,33,17,1,8,6,10,51,24,75
20600882,스타벅스,11710,송파구,1171010200,신천동,서울특별시 송파구 신천동 7-17,서울특별시 송파구 송파대로,127.120936,37.48906,2020,0,,,33,17,1,8,6,10,51,24,75
23288567,스타벅스,11650,서초구,1165010100,방배동,서울특별시 서초구 방배동 851-1,서울특별시 서초구 방배로,126.9924576,37.49001452,2020,5,내방역,219.7676714,45,34,9,5,1,9,88,15,103
23498613,스타벅스,11680,강남구,1168010600,대치동,서울특별시 강남구 대치동 651,서울특별시 강남구 남부순환로,127.0573953,37.4921724,2020,3,도곡역,271.5395004,87,79,15,7,5,11,181,23,204
12657109,스타벅스,11650,서초구,1165010100,방배동,서울특별시 서초구 방배동 3001-2,서울특별시 서초구 서초대로,126.9830474,37.48598728,2020,5,이수역,189.1648741,45,34,9,5,1,9,88,15,103
12637945,스타벅스,11350,노원구,1135010300,공릉동,서울특별시 노원구 공릉동 379-27,서울특별시 노원구 동일로,127.0722546,37.62636612,2020,9,공릉역,80.07628335,11,3,0,12,2,6,14,20,34
12431198,스타벅스,11680,강남구,1168010400,청담동,서울특별시 강남구 청담동 132-1,서울특별시 강남구 영동대로,127.056441,37.52217895,2020,5,청담역,271.9543456,87,79,15,7,5,11,181,23,204
12104846,스타벅스,11680,강남구,1168010100,역삼동,서울특별시 강남구 역삼동 832-3,서울특별시 강남구 강남대로,127.0306939,37.4923528,2020,5,강남역,2.366076004,87,79,15,7,5,11,181,23,204
20014851,스타벅스,11680,강남구,1168011500,수서동,서울특별시 강남구 수서동 713,서울특별시 강남구 밤고개로1길,127.1018421,37.48801336,2020,7,수서역,114.539594,87,79,15,7,5,11,181,23,204
20026883,스타벅스,11680,강남구,1168010500,삼성동,서울특별시 강남구 삼성동 51,서울특별시 강남구 삼성로,127.0527047,37.51347189,2020,2,중앙역,421.7534022,87,79,15,7,5,11,181,23,204
12514290,스타벅스,11650,서초구,1165010700,반포동,서울특별시 서초구 반포동 736-2,서울특별시 서초구 강남대로85길,127.0225824,37.50736061,2020,2,사평역,840.7106178,45,34,9,5,1,9,88,15,103
23514101,스타벅스,11650,서초구,1165010100,방배동,서울특별시 서초구 방배동 3000-1,서울특별시 서초구 동작대로,126.9826899,37.4864978,2020,5,이수역,199.3060185,45,34,9,5,1,9,88,15,103
20014593,스타벅스,11650,서초구,1165010100,방배동,서울특별시 서초구 방배동 755-14,서울특별시 서초구 방배중앙로,126.9856769,37.49723701,2020,2,구반포역,491.7656392,45,34,9,5,1,9,88,15,103
20803626,스타벅스,11680,강남구,1168010500,삼성동,서울특별시 강남구 삼성동 154-10,서울특별시 강남구 테헤란로87길,127.0579087,37.50981919,2020,0,봉은사역,725.2422852,87,79,15,7,5,11,181,23,204
16279533,스타벅스,11680,강남구,1168010600,대치동,서울특별시 강남구 대치동 944-31,서울특별시 강남구 테헤란로,127.0605609,37.50757866,2020,1,봉은사역,833.5113204,87,79,15,7,5,11,181,23,204
20681728,스타벅스,11680,강남구,1168010600,대치동,서울특별시 강남구 대치동 889-70,서울특별시 강남구 테헤란로64길,127.0511761,37.50376427,2020,3,선릉역,258.8975039,87,79,15,7,5,11,181,23,204
20680373,스타벅스,11650,서초구,1165010600,잠원동,서울특별시 서초구 잠원동 28-1,서울특별시 서초구 강남대로,127.0197628,37.51366263,2020,4,신사역,668.2040768,45,34,9,5,1,9,88,15,103
25292064,스타벅스,11680,강남구,1168010500,삼성동,서울특별시 강남구 삼성동 37-17,서울특별시 강남구 봉은사로,127.0445494,37.51077512,2020,2,선정릉역,26.94691324,87,79,15,7,5,11,181,23,204
25240856,스타벅스,11305,강북구,1130510300,수유동,서울특별시 강북구 수유동 174-13,서울특별시 강북구 도봉로,127.027328,37.64003344,2020,7,수유역,623.3057467,5,2,0,9,0,2,7,11,18
20014581,스타벅스,11680,강남구,1168010500,삼성동,서울특별시 강남구 삼성동 159,서울특별시 강남구 영동대로,127.0591391,37.51182033,2020,0,봉은사역,489.8535662,87,79,15,7,5,11,181,23,204
8732182,스타벅스,11680,강남구,1168011800,도곡동,서울특별시 강남구 도곡동 946-14,서울특별시 강남구 강남대로,127.032473,37.48855591,2020,5,양재역,426.2629013,87,79,15,7,5,11,181,23,204
25901259,스타벅스,11650,서초구,1165010100,방배동,서울특별시 서초구 방배동 755-14,서울특별시 서초구 방배중앙로,126.9856769,37.49723701,2020,2,구반포역,491.7656392,45,34,9,5,1,9,88,15,103
22534106,스타벅스,11680,강남구,1168010500,삼성동,서울특별시 강남구 삼성동 168-21,서울특별시 강남구 영동대로96길,127.063193,37.51056404,2020,6,봉은사역,467.4610894,87,79,15,7,5,11,181,23,204
20484259,스타벅스,11680,강남구,1168010600,대치동,서울특별시 강남구 대치동 994-10,서울특별시 강남구 영동대로,127.0685071,37.49799127,2020,2,학여울역,324.7328806,87,79,15,7,5,11,181,23,204
25313530,스타벅스,11650,서초구,1165010100,방배동,서울특별시 서초구 방배동 444-7,서울특별시 서초구 방배천로,126.9821471,37.47733842,2020,8,사당역,262.1043177,45,34,9,5,1,9,88,15,103
16209256,스타벅스,11680,강남구,1168010700,신사동,서울특별시 강남구 신사동 621-1,서울특별시 강남구 언주로,127.0330918,37.5273874,2020,1,압구정역,599.8520638,87,79,15,7,5,11,181,23,204
16206207,스타벅스,11710,송파구,1171010800,문정동,서울특별시 송파구 문정동 642,서울특별시 송파구 송파대로,127.1205807,37.48788401,2020,2,문정역,84.42069178,33,17,1,8,6,10,51,24,75
16557048,스타벅스,11680,강남구,1168010500,삼성동,서울특별시 강남구 삼성동 108-6,서울특별시 강남구 봉은사로,127.0631033,37.51502355,2020,2,봉은사역,30.59019121,87,79,15,7,5,11,181,23,204
16252691,스타벅스,11650,서초구,1165010800,서초동,서울특별시 서초구 서초동 1303-22,서울특별시 서초구 강남대로,127.0240884,37.50375083,2020,4,신논현역,773.0276331,45,34,9,5,1,9,88,15,103
14057308,스타벅스,11350,노원구,1135010500,상계동,서울특별시 노원구 상계동 694,서울특별시 노원구 노원로,127.0570787,37.66096272,2020,2,마들역,739.0032885,11,3,0,12,2,6,14,20,34
25576902,스타벅스,11710,송파구,1171011100,방이동,서울특별시 송파구 방이동 180-8,서울특별시 송파구 위례성대로,127.1163168,37.51578507,2020,1,한성백제역,128.2706625,33,17,1,8,6,10,51,24,75
11757465,스타벅스,11650,서초구,1165010100,방배동,서울특별시 서초구 방배동 812-2,서울특별시 서초구 방배로,126.9905093,37.49194417,2020,5,내방역,486.5214322,45,34,9,5,1,9,88,15,103
23271125,스타벅스,11680,강남구,1168010600,대치동,서울특별시 강남구 대치동 1024,서울특별시 강남구 도곡로,127.0552134,37.4966152,2020,2,한티역,430.3577046,87,79,15,7,5,11,181,23,204
12521573,스타벅스,11650,서초구,1165010600,잠원동,서울특별시 서초구 잠원동 21-7,서울특별시 서초구 강남대로,127.019521,37.51485002,2020,4,신사역,534.7680189,45,34,9,5,1,9,88,15,103
20028664,스타벅스,11680,강남구,1168010800,논현동,서울특별시 강남구 논현동 87,서울특별시 강남구 논현로,127.0307455,37.51460026,2020,5,학동역,96.47906595,87,79,15,7,5,11,181,23,204
20009393,스타벅스,11650,서초구,1165010800,서초동,서울특별시 서초구 서초동 1318-8,서울특별시 서초구 강남대로,127.0268289,37.49825898,2020,6,강남역,739.5168793,45,34,9,5,1,9,88,15,103
20706065,스타벅스,11290,성북구,1129013600,하월곡동,서울특별시 성북구 하월곡동 46-73,서울특별시 성북구 화랑로,127.0404418,37.60181969,2020,2,월곡역,87.6379335,15,3,0,10,0,7,18,17,35
20010719,스타벅스,11650,서초구,1165010700,반포동,서울특별시 서초구 반포동 92-1,서울특별시 서초구 서래로,126.9985423,37.49925701,2020,5,신반포역,493.8283553,45,34,9,5,1,9,88,15,103
20003237,스타벅스,11710,송파구,1171010500,석촌동,서울특별시 송파구 석촌동 286-9,서울특별시 송파구 백제고분로,127.1060134,37.50424607,2020,2,석촌역,410.1456636,33,17,1,8,6,10,51,24,75
20248022,스타벅스,11305,강북구,1130510100,미아동,서울특별시 강북구 미아동 121-19,서울특별시 강북구 도봉로,127.0265575,37.62613312,2020,5,미아역,401.6429862,5,2,0,9,0,2,7,11,18
23784909,스타벅스,11680,강남구,1168010800,논현동,서울특별시 강남구 논현동 59-8,서울특별시 강남구 논현로,127.0286278,37.5191512,2020,2,압구정역,488.0780698,87,79,15,7,5,11,181,23,204
20028995,스타벅스,11680,강남구,1168010600,대치동,서울특별시 강남구 대치동 942-5,서울특별시 강남구 삼성로86길,127.0579257,37.50576457,2020,0,한티역,918.6579844,87,79,15,7,5,11,181,23,204
23482258,스타벅스,11680,강남구,1168010800,논현동,서울특별시 강남구 논현동 238-5,서울특별시 강남구 언주로,127.0357413,37.51491147,2020,5,학동역,357.7623964,87,79,15,7,5,11,181,23,204
20286267,스타벅스,11680,강남구,1168010100,역삼동,서울특별시 강남구 역삼동 697-45,서울특별시 강남구 선릉로93길,127.046716,37.50495379,2020,0,선릉역,249.6665764,87,79,15,7,5,11,181,23,204
20291002,스타벅스,11350,노원구,1135010500,상계동,서울특별시 노원구 상계동 763-3,서울특별시 노원구 동일로,127.0621587,37.64815447,2020,4,노원역,607.0047261,11,3,0,12,2,6,14,20,34
6660863,스타벅스,11680,강남구,1168010800,논현동,서울특별시 강남구 논현동 93-2,서울특별시 강남구 도산대로,127.0379529,37.52239022,2020,2,압구정로데오역,835.8195348,87,79,15,7,5,11,181,23,204
23220273,스타벅스,11650,서초구,1165010700,반포동,서울특별시 서초구 반포동 748-1,서울특별시 서초구 강남대로,127.023627,37.50531485,2020,5,신논현역,757.8237384,45,34,9,5,1,9,88,15,103
20016436,스타벅스,11305,강북구,1130510200,번동,서울특별시 강북구 번동 418-17,서울특별시 강북구 도봉로,127.0261078,37.63802308,2020,8,수유역,575.7695808,5,2,0,9,0,2,7,11,18
20388439,스타벅스,11680,강남구,1168010100,역삼동,서울특별시 강남구 역삼동 708-6,서울특별시 강남구 테헤란로,127.0485159,37.5039411,2020,0,선릉역,91.61687365,87,79,15,7,5,11,181,23,204
16580662,스타벅스,11710,송파구,1171010700,가락동,서울특별시 송파구 가락동 479,서울특별시 송파구 송파대로,127.1025188,37.49760579,2020,0,석촌고분역,791.9957813,33,17,1,8,6,10,51,24,75
20307826,스타벅스,11680,강남구,1168010100,역삼동,서울특별시 강남구 역삼동 798-30,서울특별시 강남구 도곡로,127.0393917,37.49222561,2020,2,동오역,856.7836136,87,79,15,7,5,11,181,23,204
8732314,스타벅스,11680,강남구,1168010100,역삼동,서울특별시 강남구 역삼동 678-39,서울특별시 강남구 테헤란로,127.0392228,37.50187455,2020,2,역삼역,165.4684481,87,79,15,7,5,11,181,23,204
8729351,스타벅스,11680,강남구,1168010100,역삼동,서울특별시 강남구 역삼동 809-10,서울특별시 강남구 강남대로,127.0255555,37.5031322,2020,9,신논현역,693.8400586,87,79,15,7,5,11,181,23,204
8736085,스타벅스,11680,강남구,1168010100,역삼동,서울특별시 강남구 역삼동 681,서울특별시 강남구 봉은사로,127.0403528,37.50902009,2020,2,선정릉역,412.7731989,87,79,15,7,5,11,181,23,204
8725994,스타벅스,11290,성북구,1129013400,길음동,서울특별시 성북구 길음동 20-1,서울특별시 성북구 동소문로,127.0287256,37.60839154,2020,4,길음역,670.5119973,15,3,0,10,0,7,18,17,35
20831001,스타벅스,11680,강남구,1168010100,역삼동,서울특별시 강남구 역삼동 735-3,서울특별시 강남구 테헤란로,127.0337924,37.49937038,2020,1,동오역,155.4724923,87,79,15,7,5,11,181,23,204
20308953,스타벅스,11290,성북구,1129012500,안암동5가,서울특별시 성북구 안암동5가 104-30,서울특별시 성북구 인촌로24길,127.029689,37.58391819,2020,2,안암역,243.5953831,15,3,0,10,0,7,18,17,35
20282898,스타벅스,11350,노원구,1135010500,상계동,서울특별시 노원구 상계동 712,서울특별시 노원구 동일로,127.0600017,37.65475991,2020,1,노원역,155.6656953,11,3,0,12,2,6,14,20,34
26261077,스타벅스,11710,송파구,1171010700,가락동,서울특별시 송파구 가락동 97-7,서울특별시 송파구 송파대로30길,127.1187684,37.49488077,2020,0,가락시장역,223.5201706,33,17,1,8,6,10,51,24,75
16585109,스타벅스,11680,강남구,1168010700,신사동,서울특별시 강남구 신사동 592,서울특별시 강남구 논현로,127.0286028,37.52282728,2020,2,압구정역,83.09691519,87,79,15,7,5,11,181,23,204
16591510,스타벅스,11710,송파구,1171010400,송파동,서울특별시 송파구 송파동 59-9,서울특별시 송파구 오금로,127.1102559,37.51081979,2020,2,송파나루역,220.9620672,33,17,1,8,6,10,51,24,75
16588483,스타벅스,11710,송파구,1171010200,신천동,서울특별시 송파구 신천동 7-19,서울특별시 송파구 올림픽로,127.1024963,37.51460861,2020,2,잠실역,70.73390919,33,17,1,8,6,10,51,24,75
16591394,스타벅스,11710,송파구,1171011100,방이동,서울특별시 송파구 방이동 44-3,서울특별시 송파구 위례성대로,127.113137,37.5168335,2020,2,몽촌토성역,209.5968776,33,17,1,8,6,10,51,24,75
20028264,스타벅스,11350,노원구,1135010600,중계동,서울특별시 노원구 중계동 360-6,서울특별시 노원구 중계로,127.0759774,37.65049809,2020,4,상계역,1192.232862,11,3,0,12,2,6,14,20,34
17269411,스타벅스,11680,강남구,1168010100,역삼동,서울특별시 강남구 역삼동 702-10,서울특별시 강남구 테헤란로,127.0448427,37.50374026,2020,2,선릉역,318.4302316,87,79,15,7,5,11,181,23,204
20010511,스타벅스,11650,서초구,1165010800,서초동,서울특별시 서초구 서초동 1657-5,서울특별시 서초구 서초중앙로,127.014217,37.49238766,2020,2,교대역,394.3164355,45,34,9,5,1,9,88,15,103
23210644,스타벅스,11650,서초구,1165010800,서초동,서울특별시 서초구 서초동 1464-22,서울특별시 서초구 남부순환로,127.0123471,37.48066733,2020,3,남부터미널역,715.4540037,45,34,9,5,1,9,88,15,103
23447206,스타벅스,11710,송파구,1171010600,삼전동,서울특별시 송파구 삼전동 130-2,서울특별시 송파구 석촌호수로,127.0966117,37.50636412,2020,0,석촌고분역,352.3536538,33,17,1,8,6,10,51,24,75
22580385,스타벅스,11680,강남구,1168010600,대치동,서울특별시 강남구 대치동 1001-8,서울특별시 강남구 영동대로86길,127.0651728,37.50781348,2020,3,봉은사역,791.102333,87,79,15,7,5,11,181,23,204
23498986,스타벅스,11650,서초구,1165010600,잠원동,서울특별시 서초구 잠원동 37-7,서울특별시 서초구 강남대로,127.0206276,37.51153431,2020,2,신사역,913.5060927,45,34,9,5,1,9,88,15,103
23312129,스타벅스,11650,서초구,1165010700,반포동,서울특별시 서초구 반포동 52-6,서울특별시 서초구 서초중앙로,127.0115392,37.50165515,2020,5,사평역,366.1098587,45,34,9,5,1,9,88,15,103
20385995,스타벅스,11680,강남구,1168010100,역삼동,서울특별시 강남구 역삼동 736-1,서울특별시 강남구 테헤란로,127.0349412,37.49974019,2020,2,동오역,71.73484192,87,79,15,7,5,11,181,23,204
20017045,스타벅스,11680,강남구,1168010100,역삼동,서울특별시 강남구 역삼동 679,서울특별시 강남구 논현로,127.0372774,37.50188574,2020,3,동오역,323.9438103,87,79,15,7,5,11,181,23,204
20847208,스타벅스,11650,서초구,1165010700,반포동,서울특별시 서초구 반포동 19-3,서울특별시 서초구 신반포로,127.0023932,37.50393001,2020,3,고속터미널역,243.5394872,45,34,9,5,1,9,88,15,103
22646116,커피빈,11680,강남구,1168010100,역삼동,서울특별시 강남구 역삼동 705-19,서울특별시 강남구 테헤란로,127.0482229,37.50474969,2020,2,선릉역,180.7278611,87,79,15,7,5,11,181,23,204
20027174,커피빈,11680,강남구,1168010100,역삼동,서울특별시 강남구 역삼동 826-28,서울특별시 강남구 테헤란로4길,127.0300745,37.4965196,2020,0,강남역,465.0978067,87,79,15,7,5,11,181,23,204
20017448,커피빈,11680,강남구,1168010400,청담동,서울특별시 강남구 청담동 118-17,서울특별시 강남구 압구정로,127.0472158,37.52524956,2020,0,강남구청역,781.1283324,87,79,15,7,5,11,181,23,204
20023467,커피빈,11680,강남구,1168010400,청담동,서울특별시 강남구 청담동 76,서울특별시 강남구 삼성로,127.0500215,37.51990189,2020,2,강남구청역,309.2290587,87,79,15,7,5,11,181,23,204
20486773,커피빈,11680,강남구,1168010500,삼성동,서울특별시 강남구 삼성동 142-43,서울특별시 강남구 테헤란로,127.0521674,37.50586267,2020,1,선릉역,453.4802666,87,79,15,7,5,11,181,23,204
20010357,커피빈,11680,강남구,1168010400,청담동,서울특별시 강남구 청담동 92-12,서울특별시 강남구 도산대로67길,127.0444085,37.52448802,2020,3,압구정로데오역,616.085004,87,79,15,7,5,11,181,23,204
20016170,커피빈,11650,서초구,1165010700,반포동,서울특별시 서초구 반포동 1141,서울특별시 서초구 신반포로,126.9872107,37.50173741,2020,1,구반포역,90.14244523,45,34,9,5,1,9,88,15,103
20687168,커피빈,11680,강남구,1168010100,역삼동,서울특별시 강남구 역삼동 735-32,서울특별시 강남구 테헤란로20길,127.0341242,37.49907574,2020,1,동오역,128.702901,87,79,15,7,5,11,181,23,204
16203378,커피빈,11710,송파구,1171010100,잠실동,서울특별시 송파구 잠실동 303,서울특별시 송파구 도곡로64길,127.0788577,37.50514574,2020,1,종합운동장역,774.3370574,33,17,1,8,6,10,51,24,75
20497137,커피빈,11680,강남구,1168010100,역삼동,서울특별시 강남구 역삼동 705-1,서울특별시 강남구 테헤란로,127.0472097,37.5043811,2020,0,선릉역,172.5806015,87,79,15,7,5,11,181,23,204
25933914,커피빈,11680,강남구,1168010700,신사동,서울특별시 강남구 신사동 580-5,서울특별시 강남구 논현로175길,127.0279007,37.52636264,2020,3,압구정역,315.2646628,87,79,15,7,5,11,181,23,204
23191870,커피빈,11680,강남구,1168010100,역삼동,서울특별시 강남구 역삼동 646-18,서울특별시 강남구 테헤란로,127.0348844,37.50064078,2020,1,동오역,158.7378017,87,79,15,7,5,11,181,23,204
20385889,커피빈,11710,송파구,1171010100,잠실동,서울특별시 송파구 잠실동 242-9,서울특별시 송파구 석촌호수로,127.0900046,37.50743072,2020,4,잠실새내역,462.344364,33,17,1,8,6,10,51,24,75
8972360,커피빈,11680,강남구,1168010400,청담동,서울특별시 강남구 청담동 88,서울특별시 강남구 선릉로158길,127.0408215,37.52542307,2020,1,압구정로데오역,447.9203285,87,79,15,7,5,11,181,23,204
20017083,커피빈,11650,서초구,1165010800,서초동,서울특별시 서초구 서초동 1365-9,서울특별시 서초구 남부순환로,127.0313147,37.48455474,2020,5,양재역,185.2065875,45,34,9,5,1,9,88,15,103
20594675,커피빈,11650,서초구,1165010800,서초동,서울특별시 서초구 서초동 1685-8,서울특별시 서초구 서초중앙로24길,127.0163934,37.49544236,2020,3,교대역,106.6123968,45,34,9,5,1,9,88,15,103
12229526,커피빈,11650,서초구,1165010800,서초동,서울특별시 서초구 서초동 1553-3,서울특별시 서초구 서초대로,127.0092578,37.49199476,2020,2,서초역,163.1843462,45,34,9,5,1,9,88,15,103
25992546,커피빈,11680,강남구,1168010500,삼성동,서울특별시 강남구 삼성동 159-1,서울특별시 강남구 영동대로,127.0610126,37.51034849,2020,2,봉은사역,529.8211609,87,79,15,7,5,11,181,23,204
20027749,커피빈,11350,노원구,1135010600,중계동,서울특별시 노원구 중계동 359-11,서울특별시 노원구 한글비석로,127.076456,37.65120464,2020,5,상계역,1123.719923,11,3,0,12,2,6,14,20,34
20611988,커피빈,11680,강남구,1168010700,신사동,서울특별시 강남구 신사동 663-24,서울특별시 강남구 선릉로157길,127.0389913,37.52611101,2020,1,압구정로데오역,421.0059069,87,79,15,7,5,11,181,23,204
20027234,커피빈,11680,강남구,1168010600,대치동,서울특별시 강남구 대치동 653,서울특별시 강남구 남부순환로,127.057935,37.49241999,2020,1,도곡역,326.3090267,87,79,15,7,5,11,181,23,204
20027501,커피빈,11680,강남구,1168010100,역삼동,서울특별시 강남구 역삼동 650-9,서울특별시 강남구 논현로,127.0349403,37.50684049,2020,4,언주역,159.9714459,87,79,15,7,5,11,181,23,204
20027192,커피빈,11680,강남구,1168010600,대치동,서울특별시 강남구 대치동 893,서울특별시 강남구 삼성로85길,127.0561648,37.50458815,2020,0,한티역,721.5613646,87,79,15,7,5,11,181,23,204
12228541,커피빈,11680,강남구,1168010100,역삼동,서울특별시 강남구 역삼동 718-20,서울특별시 강남구 테헤란로34길,127.0398667,37.50105081,2020,2,역삼역,67.86576823,87,79,15,7,5,11,181,23,204
20390997,커피빈,11680,강남구,1168011800,도곡동,서울특별시 강남구 도곡동 418,서울특별시 강남구 논현로38길,127.0450402,37.48556754,2020,7,매봉역,216.0275989,87,79,15,7,5,11,181,23,204
20382185,커피빈,11680,강남구,1168010800,논현동,서울특별시 강남구 논현동 231-9,서울특별시 강남구 언주로,127.036665,37.50993618,2020,2,언주역,471.5877598,87,79,15,7,5,11,181,23,204
12425938,커피빈,11650,서초구,1165010800,서초동,서울특별시 서초구 서초동 1328-7,서울특별시 서초구 강남대로,127.0283372,37.49531593,2020,8,강남역,389.7987798,45,34,9,5,1,9,88,15,103
20608022,커피빈,11680,강남구,1168011500,수서동,서울특별시 강남구 수서동 724,서울특별시 강남구 광평로,127.1030943,37.48731104,2020,6,수서역,245.728894,87,79,15,7,5,11,181,23,204
12433922,커피빈,11650,서초구,1165010600,잠원동,서울특별시 서초구 잠원동 40-4,서울특별시 서초구 신반포로47길,127.0194363,37.51094776,2020,2,잠원역,717.9577144,45,34,9,5,1,9,88,15,103
12425775,커피빈,11650,서초구,1165010800,서초동,서울특별시 서초구 서초동 1451-81,서울특별시 서초구 반포대로,127.0131653,37.4812148,2020,4,남부터미널역,633.6537426,45,34,9,5,1,9,88,15,103
20024243,커피빈,11680,강남구,1168010800,논현동,서울특별시 강남구 논현동 101-24,서울특별시 강남구 선릉로,127.039458,37.52147439,2020,2,압구정로데오역,898.7810278,87,79,15,7,5,11,181,23,204
19911397,커피빈,11680,강남구,1168010100,역삼동,서울특별시 강남구 역삼동 696-42,서울특별시 강남구 선릉로93길,127.0478832,37.50567504,2020,2,선릉역,286.1469498,87,79,15,7,5,11,181,23,204
25745854,커피빈,11650,서초구,1165010800,서초동,서울특별시 서초구 서초동 1320-10,서울특별시 서초구 서초대로74길,127.0268953,37.49662862,2020,7,강남역,581.9890295,45,34,9,5,1,9,88,15,103
15994470,커피빈,11710,송파구,1171011100,방이동,서울특별시 송파구 방이동 206-11,서울특별시 송파구 양재대로71길,127.1257809,37.50934084,2020,2,방이역,148.5120186,33,17,1,8,6,10,51,24,75
11793480,커피빈,11680,강남구,1168010600,대치동,서울특별시 강남구 대치동 895-1,서울특별시 강남구 삼성로85길,127.0542693,37.50422158,2020,0,한티역,605.13821,87,79,15,7,5,11,181,23,204
25610496,커피빈,11680,강남구,1168011500,수서동,서울특별시 강남구 수서동 724,서울특별시 강남구 광평로,127.1030943,37.48731104,2020,6,수서역,245.728894,87,79,15,7,5,11,181,23,204
16749819,커피빈,11650,서초구,1165010700,반포동,서울특별시 서초구 반포동 51-7,서울특별시 서초구 서초중앙로,127.0118058,37.5003058,2020,4,사평역,488.7237434,45,34,9,5,1,9,88,15,103
25782820,커피빈,11650,서초구,1165010800,서초동,서울특별시 서초구 서초동 1602-5,서울특별시 서초구 서초중앙로,127.0155622,37.48553283,2020,4,남부터미널역,125.0873979,45,34,9,5,1,9,88,15,103
25740575,커피빈,11680,강남구,1168010100,역삼동,서울특별시 강남구 역삼동 826-14,서울특별시 강남구 강남대로,127.0297769,37.49504844,2020,7,강남역,309.7255705,87,79,15,7,5,11,181,23,204
16728129,커피빈,11350,노원구,1135010500,상계동,서울특별시 노원구 상계동 731-5,서울특별시 노원구 동일로,127.0601608,37.6538241,2020,3,노원역,67.69980899,11,3,0,12,2,6,14,20,34
16728641,커피빈,11710,송파구,1171010700,가락동,서울특별시 송파구 가락동 479,서울특별시 송파구 송파대로,127.1025188,37.49760579,2020,0,석촌고분역,791.9957813,33,17,1,8,6,10,51,24,75
20025444,커피빈,11680,강남구,1168010700,신사동,서울특별시 강남구 신사동 599,서울특별시 강남구 논현로,127.0287117,37.52402658,2020,2,압구정역,63.80237595,87,79,15,7,5,11,181,23,204
20696225,커피빈,11650,서초구,1165010100,방배동,서울특별시 서초구 방배동 909-8,서울특별시 서초구 효령로,126.9969256,37.48145648,2020,9,방배역,20.71341878,45,34,9,5,1,9,88,15,103
20093809,커피빈,11680,강남구,1168010600,대치동,서울특별시 강남구 대치동 889-74,서울특별시 강남구 선릉로86길,127.0505138,37.50336248,2020,3,선릉역,192.24023,87,79,15,7,5,11,181,23,204
25873274,커피빈,11650,서초구,1165010800,서초동,서울특별시 서초구 서초동 1307-18,서울특별시 서초구 강남대로65길,127.0253102,37.5002468,2020,9,신논현역,927.6367904,45,34,9,5,1,9,88,15,103
25769287,커피빈,11680,강남구,1168010600,대치동,서울특별시 강남구 대치동 507-1,서울특별시 강남구 남부순환로,127.0623075,37.49363516,2020,4,대치역,129.4843284,87,79,15,7,5,11,181,23,204
23201658,커피빈,11680,강남구,1168011000,압구정동,서울특별시 강남구 압구정동 442,서울특별시 강남구 압구정로29길,127.0269816,37.53179742,2020,0,압구정역,923.8802857,87,79,15,7,5,11,181,23,204
23415742,커피빈,11680,강남구,1168011800,도곡동,서울특별시 강남구 도곡동 425,서울특별시 강남구 논현로,127.0432328,37.48187659,2020,3,매봉역,645.8089635,87,79,15,7,5,11,181,23,204
12491626,커피빈,11680,강남구,1168010100,역삼동,서울특별시 강남구 역삼동 822-5,서울특별시 강남구 테헤란로,127.0292638,37.49887371,2020,2,동오역,557.9138125,87,79,15,7,5,11,181,23,204
11926876,커피빈,11650,서초구,1165010800,서초동,서울특별시 서초구 서초동 1307-18,서울특별시 서초구 강남대로65길,127.0253102,37.5002468,2020,9,신논현역,927.6367904,45,34,9,5,1,9,88,15,103
11921205,커피빈,11680,강남구,1168010100,역삼동,서울특별시 강남구 역삼동 826-28,서울특별시 강남구 테헤란로4길,127.0300745,37.4965196,2020,0,강남역,465.0978067,87,79,15,7,5,11,181,23,204
12579030,커피빈,11710,송파구,1171011100,방이동,서울특별시 송파구 방이동 44-2,서울특별시 송파구 위례성대로,127.1127514,37.51692071,2020,1,몽촌토성역,174.9640293,33,17,1,8,6,10,51,24,75
12553985,커피빈,11305,강북구,1130510300,수유동,서울특별시 강북구 수유동 191-70,서울특별시 강북구 한천로139길,127.0257085,37.63910102,2020,6,수유역,664.7202693,5,2,0,9,0,2,7,11,18
11921207,커피빈,11650,서초구,1165010100,방배동,서울특별시 서초구 방배동 761-6,서울특별시 서초구 방배중앙로,126.9855167,37.49570384,2020,2,구반포역,662.5090015,45,34,9,5,1,9,88,15,103
12582976,커피빈,11710,송파구,1171010800,문정동,서울특별시 송파구 문정동 634,서울특별시 송파구 충민로,127.124941,37.47760822,2020,1,장지역,149.0020225,33,17,1,8,6,10,51,24,75
12597914,커피빈,11680,강남구,1168010800,논현동,서울특별시 강남구 논현동 201-5,서울특별시 강남구 강남대로112길,127.0260336,37.50550591,2020,2,신논현역,545.4656217,87,79,15,7,5,11,181,23,204
25226698,커피빈,11650,서초구,1165010800,서초동,서울특별시 서초구 서초동 1361-1,서울특별시 서초구 강남대로,127.0323214,37.48715803,2020,5,양재역,279.75868,45,34,9,5,1,9,88,15,103
25627454,커피빈,11680,강남구,1168010500,삼성동,서울특별시 강남구 삼성동 108-12,서울특별시 강남구 봉은사로103길,127.0617574,37.51500386,2020,2,봉은사역,134.7495163,87,79,15,7,5,11,181,23,204
20384590,커피빈,11650,서초구,1165010800,서초동,서울특별시 서초구 서초동 1338-11,서울특별시 서초구 강남대로51길,127.0302441,37.49127685,2020,5,강남역,127.3974083,45,34,9,5,1,9,88,15,103
20379539,커피빈,11680,강남구,1168010800,논현동,서울특별시 강남구 논현동 4-2,서울특별시 강남구 도산대로,127.0223894,37.51695522,2020,2,신사역,436.4485472,87,79,15,7,5,11,181,23,204
20389890,커피빈,11680,강남구,1168010500,삼성동,서울특별시 강남구 삼성동 158-10,서울특별시 강남구 테헤란로87길,127.0583295,37.50873226,2020,0,봉은사역,799.6704005,87,79,15,7,5,11,181,23,204
11861382,커피빈,11680,강남구,1168010500,삼성동,서울특별시 강남구 삼성동 157,서울특별시 강남구 삼성로,127.056219,37.50836401,2020,3,중앙역,771.6822599,87,79,15,7,5,11,181,23,204
11934149,커피빈,11680,강남구,1168010600,대치동,서울특별시 강남구 대치동 994-5,서울특별시 강남구 영동대로,127.0676206,37.49925476,2020,1,학여울역,465.2735595,87,79,15,7,5,11,181,23,204
16964697,커피빈,11680,강남구,1168010800,논현동,서울특별시 강남구 논현동 278-22,서울특별시 강남구 봉은사로,127.0429609,37.51027569,2020,3,선정릉역,149.1051895,87,79,15,7,5,11,181,23,204
20027162,커피빈,11680,강남구,1168010400,청담동,서울특별시 강남구 청담동 45-4,서울특별시 강남구 학동로,127.0466127,37.51841471,2020,2,강남구청역,59.92794039,87,79,15,7,5,11,181,23,204
17029560,커피빈,11710,송파구,1171010200,신천동,서울특별시 송파구 신천동 7-29,서울특별시 송파구 올림픽로35길,127.1012058,37.51657211,2020,2,잠실역,287.9878328,33,17,1,8,6,10,51,24,75
20283656,커피빈,11680,강남구,1168010100,역삼동,서울특별시 강남구 역삼동 707-2,서울특별시 강남구 테헤란로,127.0450339,37.50293085,2020,2,선릉역,294.9059666,87,79,15,7,5,11,181,23,204
20074992,커피빈,11680,강남구,1168010100,역삼동,서울특별시 강남구 역삼동 827-65,서울특별시 강남구 테헤란로8길,127.032149,37.49614015,2020,0,강남역,438.1325497,87,79,15,7,5,11,181,23,204
16999691,커피빈,11710,송파구,1171010800,문정동,서울특별시 송파구 문정동 651-13,서울특별시 송파구 법원로6길,127.1222359,37.48365231,2020,0,문정역,461.2232781,33,17,1,8,6,10,51,24,75
20005667,커피빈,11650,서초구,1165010800,서초동,서울특별시 서초구 서초동 1321-15,서울특별시 서초구 서초대로74길,127.0256838,37.49673577,2020,4,강남역,658.8216711,45,34,9,5,1,9,88,15,103
20380167,커피빈,11680,강남구,1168010800,논현동,서울특별시 강남구 논현동 34-21,서울특별시 강남구 논현로,127.0295177,37.51595077,2020,3,학동역,270.6598927,87,79,15,7,5,11,181,23,204
20015976,커피빈,11680,강남구,1168010600,대치동,서울특별시 강남구 대치동 994-14,서울특별시 강남구 영동대로,127.0688065,37.49756112,2020,2,학여울역,282.0349646,87,79,15,7,5,11,181,23,204
20017217,커피빈,11680,강남구,1168010600,대치동,서울특별시 강남구 대치동 924-9,서울특별시 강남구 선릉로64길,127.0541518,37.49829169,2020,0,한티역,248.1047867,87,79,15,7,5,11,181,23,204
20004707,커피빈,11650,서초구,1165010800,서초동,서울특별시 서초구 서초동 1657-5,서울특별시 서초구 서초중앙로,127.014217,37.49238766,2020,2,교대역,394.3164355,45,34,9,5,1,9,88,15,103
20012558,커피빈,11680,강남구,1168010500,삼성동,서울특별시 강남구 삼성동 159-6,서울특별시 강남구 테헤란로87길,127.0594268,37.50962404,2020,0,봉은사역,664.3965144,87,79,15,7,5,11,181,23,204
25426701,커피빈,11680,강남구,1168010800,논현동,서울특별시 강남구 논현동 234-25,서울특별시 강남구 봉은사로,127.0346447,37.50783825,2020,4,언주역,179.9599297,87,79,15,7,5,11,181,23,204
16740197,커피빈,11650,서초구,1165010800,서초동,서울특별시 서초구 서초동 1699-16,서울특별시 서초구 서초중앙로,127.0135186,37.49562563,2020,3,교대역,351.1305569,45,34,9,5,1,9,88,15,103
25992731,커피빈,11680,강남구,1168010600,대치동,서울특별시 강남구 대치동 890-60,서울특별시 강남구 테헤란로70길,127.0531431,37.50473517,2020,0,선릉역,459.1161841,87,79,15,7,5,11,181,23,204
25992659,커피빈,11680,강남구,1168010100,역삼동,서울특별시 강남구 역삼동 707-2,서울특별시 강남구 테헤란로,127.0450339,37.50293085,2020,2,선릉역,294.9059666,87,79,15,7,5,11,181,23,204
12603643,커피빈,11680,강남구,1168010600,대치동,서울특별시 강남구 대치동 1024,서울특별시 강남구 도곡로,127.0552134,37.4966152,2020,2,한티역,430.3577046,87,79,15,7,5,11,181,23,204
25991543,커피빈,11680,강남구,1168010100,역삼동,서울특별시 강남구 역삼동 646-18,서울특별시 강남구 테헤란로,127.0348844,37.50064078,2020,1,동오역,158.7378017,87,79,15,7,5,11,181,23,204
12593614,커피빈,11650,서초구,1165010700,반포동,서울특별시 서초구 반포동 748-12,서울특별시 서초구 강남대로,127.0238386,37.50469487,2020,3,신논현역,756.4614269,45,34,9,5,1,9,88,15,103
16183887,커피빈,11710,송파구,1171010800,문정동,서울특별시 송파구 문정동 150,서울특별시 송파구 중대로,127.1188873,37.49052953,2020,2,가락시장역,271.2517817,33,17,1,8,6,10,51,24,75
16183360,커피빈,11680,강남구,1168010600,대치동,서울특별시 강남구 대치동 904-19,서울특별시 강남구 역삼로77길,127.0562645,37.50295804,2020,2,한티역,586.8404809,87,79,15,7,5,11,181,23,204
12599693,커피빈,11290,성북구,1129011100,삼선동1가,서울특별시 성북구 삼선동1가 25,서울특별시 성북구 삼선교로,127.0071205,37.58756895,2020,3,한성대입구역,156.8462591,15,3,0,10,0,7,18,17,35
25990509,커피빈,11680,강남구,1168010700,신사동,서울특별시 강남구 신사동 663-24,서울특별시 강남구 선릉로157길,127.0389913,37.52611101,2020,1,압구정로데오역,421.0059069,87,79,15,7,5,11,181,23,204
12596126,커피빈,11710,송파구,1171010900,장지동,서울특별시 송파구 장지동 884,서울특별시 송파구 위례광장로,127.1437439,37.47854792,2020,3,거여역,1749.685832,33,17,1,8,6,10,51,24,75
25992775,커피빈,11650,서초구,1165010800,서초동,서울특별시 서초구 서초동 1304,서울특별시 서초구 강남대로,127.0248644,37.50235159,2020,12,신논현역,794.0852227,45,34,9,5,1,9,88,15,103
12502385,커피빈,11710,송파구,1171010800,문정동,서울특별시 송파구 문정동 643-1,서울특별시 송파구 법원로,127.1209979,37.48604895,2020,0,문정역,196.5083243,33,17,1,8,6,10,51,24,75
26445960,커피빈,11680,강남구,1168010800,논현동,서울특별시 강남구 논현동 231-9,서울특별시 강남구 언주로,127.036665,37.50993618,2020,2,언주역,471.5877598,87,79,15,7,5,11,181,23,204
25989745,커피빈,11680,강남구,1168010100,역삼동,서울특별시 강남구 역삼동 814-5,서울특별시 강남구 강남대로,127.0260445,37.50205497,2020,14,신논현역,736.1279633,87,79,15,7,5,11,181,23,204
25992464,커피빈,11680,강남구,1168010100,역삼동,서울특별시 강남구 역삼동 827-65,서울특별시 강남구 테헤란로8길,127.032149,37.49614015,2020,0,강남역,438.1325497,87,79,15,7,5,11,181,23,204
12493022,커피빈,11650,서초구,1165010800,서초동,서울특별시 서초구 서초동 1316-5,서울특별시 서초구 서초대로,127.0244987,37.49742881,2020,3,교대역,689.5732788,45,34,9,5,1,9,88,15,103
25992038,커피빈,11680,강남구,1168010600,대치동,서울특별시 강남구 대치동 889-74,서울특별시 강남구 선릉로86길,127.0505138,37.50336248,2020,3,선릉역,192.24023,87,79,15,7,5,11,181,23,204
25991768,커피빈,11680,강남구,1168010600,대치동,서울특별시 강남구 대치동 893,서울특별시 강남구 삼성로85길,127.0561648,37.50458815,2020,0,한티역,721.5613646,87,79,15,7,5,11,181,23,204
25991156,커피빈,11650,서초구,1165010800,서초동,서울특별시 서초구 서초동 1330-8,서울특별시 서초구 사임당로,127.0283369,37.49272089,2020,4,강남역,214.4034625,45,34,9,5,1,9,88,15,103
12119970,커피빈,11650,서초구,1165010200,양재동,서울특별시 서초구 양재동 326-8,서울특별시 서초구 동산로,127.0401185,37.46900223,2020,3,양재시민의숲역,191.4902838,45,34,9,5,1,9,88,15,103
23698616,커피빈,11710,송파구,1171010100,잠실동,서울특별시 송파구 잠실동 181-3,서울특별시 송파구 올림픽로,127.0816764,37.51141201,2020,0,종합운동장역,652.7163808,33,17,1,8,6,10,51,24,75
20656771,커피빈,11680,강남구,1168010700,신사동,서울특별시 강남구 신사동 627-17,서울특별시 강남구 언주로,127.0327819,37.52334815,2020,2,압구정역,394.726608,87,79,15,7,5,11,181,23,204
20831384,커피빈,11710,송파구,1171011100,방이동,서울특별시 송파구 방이동 88,서울특별시 송파구 올림픽로,127.1157765,37.52034939,2020,2,한성백제역,486.0441626,33,17,1,8,6,10,51,24,75
20701159,커피빈,11680,강남구,1168010800,논현동,서울특별시 강남구 논현동 88-9,서울특별시 강남구 학동로,127.0320341,37.5146739,2020,0,학동역,47.88920898,87,79,15,7,5,11,181,23,204
23767397,커피빈,11680,강남구,1168010100,역삼동,서울특별시 강남구 역삼동 831-21,서울특별시 강남구 강남대로,127.0299591,37.4940768,2020,7,강남역,201.9765948,87,79,15,7,5,11,181,23,204
23486140,커피빈,11650,서초구,1165010100,방배동,서울특별시 서초구 방배동 851-4,서울특별시 서초구 방배로,126.992826,37.4895311,2020,4,내방역,159.3613754,45,34,9,5,1,9,88,15,103
12106397,커피빈,11680,강남구,1168010600,대치동,서울특별시 강남구 대치동 961,서울특별시 강남구 삼성로,127.0589896,37.50300681,2020,3,한티역,778.5651706,87,79,15,7,5,11,181,23,204
20484104,커피빈,11680,강남구,1168010700,신사동,서울특별시 강남구 신사동 648-12,서울특별시 강남구 도산대로49길,127.0369742,37.52372481,2020,1,압구정로데오역,739.4646231,87,79,15,7,5,11,181,23,204
12455492,커피빈,11680,강남구,1168010600,대치동,서울특별시 강남구 대치동 947,서울특별시 강남구 영동대로85길,127.0628745,37.50708344,2020,4,봉은사역,854.3920891,87,79,15,7,5,11,181,23,204
20007363,커피빈,11650,서초구,1165010700,반포동,서울특별시 서초구 반포동 736-17,서울특별시 서초구 강남대로,127.0228039,37.50684884,2020,4,신논현역,815.8494655,45,34,9,5,1,9,88,15,103
12552347,커피빈,11680,강남구,1168011800,도곡동,서울특별시 강남구 도곡동 543-1,서울특별시 강남구 도곡로,127.0416529,37.492262,2020,4,매봉역,734.6631927,87,79,15,7,5,11,181,23,204
12464735,커피빈,11710,송파구,1171010800,문정동,서울특별시 송파구 문정동 618,서울특별시 송파구 송파대로,127.1248723,37.47961708,2020,4,장지역,273.2397237,33,17,1,8,6,10,51,24,75
12518035,커피빈,11350,노원구,1135010500,상계동,서울특별시 노원구 상계동 724-1,서울특별시 노원구 노해로,127.0623975,37.65440054,2020,4,노원역,169.6871775,11,3,0,12,2,6,14,20,34
22109135,커피빈,11305,강북구,1130510200,번동,서울특별시 강북구 번동 418-3,서울특별시 강북구 도봉로,127.0270285,37.63867041,2020,6,수유역,541.47927,5,2,0,9,0,2,7,11,18
20006165,커피빈,11680,강남구,1168010100,역삼동,서울특별시 강남구 역삼동 737,서울특별시 강남구 테헤란로,127.0364871,37.50001411,2020,2,동오역,113.7913741,87,79,15,7,5,11,181,23,204
19989254,커피빈,11710,송파구,1171011100,방이동,서울특별시 송파구 방이동 24-3,서울특별시 송파구 오금로11길,127.1079493,37.5145508,2020,2,몽촌토성역,368.1592722,33,17,1,8,6,10,51,24,75
19921902,커피빈,11680,강남구,1168010100,역삼동,서울특별시 강남구 역삼동 816-6,서울특별시 강남구 테헤란로1길,127.02728,37.50010085,2020,8,신논현역,840.9913484,87,79,15,7,5,11,181,23,204
20391346,커피빈,11650,서초구,1165010800,서초동,서울특별시 서초구 서초동 1572-7,서울특별시 서초구 서초대로,127.0123549,37.49295779,2020,2,서초역,401.7641711,45,34,9,5,1,9,88,15,103
20507848,커피빈,11650,서초구,1165010800,서초동,서울특별시 서초구 서초동 1304,서울특별시 서초구 강남대로,127.0248644,37.50235159,2020,12,신논현역,794.0852227,45,34,9,5,1,9,88,15,103
20613511,커피빈,11680,강남구,1168010700,신사동,서울특별시 강남구 신사동 570-12,서울특별시 강남구 논현로167길,127.0274056,37.52441229,2020,1,압구정역,126.1233222,87,79,15,7,5,11,181,23,204
20006741,커피빈,11650,서초구,1165010100,방배동,서울특별시 서초구 방배동 761-6,서울특별시 서초구 방배중앙로,126.9855167,37.49570384,2020,2,구반포역,662.5090015,45,34,9,5,1,9,88,15,103
8921308,커피빈,11680,강남구,1168010500,삼성동,서울특별시 강남구 삼성동 77-11,서울특별시 강남구 영동대로,127.0594668,37.51455313,2020,4,봉은사역,335.7638057,87,79,15,7,5,11,181,23,204
20687169,커피빈,11680,강남구,1168010600,대치동,서울특별시 강남구 대치동 890-60,서울특별시 강남구 테헤란로70길,127.0531431,37.50473517,2020,0,선릉역,459.1161841,87,79,15,7,5,11,181,23,204
20591990,커피빈,11680,강남구,1168010500,삼성동,서울특별시 강남구 삼성동 162-2,서울특별시 강남구 봉은사로,127.0641485,37.5146624,2020,2,봉은사역,80.03790158,87,79,15,7,5,11,181,23,204
20599871,커피빈,11290,성북구,1129012500,안암동5가,서울특별시 성북구 안암동5가 101-3,서울특별시 성북구 개운사길,127.0295587,37.58698067,2020,4,안암역,98.53968181,15,3,0,10,0,7,18,17,35
20594326,커피빈,11650,서초구,1165010800,서초동,서울특별시 서초구 서초동 1306-2,서울특별시 서초구 강남대로,127.0257958,37.50030487,2020,11,신논현역,895.6557409,45,34,9,5,1,9,88,15,103
23779055,커피빈,11650,서초구,1165010800,서초동,서울특별시 서초구 서초동 1317-31,서울특별시 서초구 서초대로73길,127.025717,37.49853815,2020,5,강남역,815.9203215,45,34,9,5,1,9,88,15,103
17168643,커피빈,11680,강남구,1168011500,수서동,서울특별시 강남구 수서동 717-4,서울특별시 강남구 광평로51길,127.1040946,37.48876934,2020,2,수서역,315.4449081,87,79,15,7,5,11,181,23,204
25989762,커피빈,11680,강남구,1168010100,역삼동,서울특별시 강남구 역삼동 816-6,서울특별시 강남구 테헤란로1길,127.02728,37.50010085,2020,8,신논현역,840.9913484,87,79,15,7,5,11,181,23,204
20470280,커피빈,11680,강남구,1168011800,도곡동,서울특별시 강남구 도곡동 467-19,서울특별시 강남구 언주로30길,127.0513045,37.48735705,2020,2,매봉역,409.7248244,87,79,15,7,5,11,181,23,204
11751889,커피빈,11290,성북구,1129012500,안암동5가,서울특별시 성북구 안암동5가 102-10,서울특별시 성북구 인촌로24길,127.0295271,37.58505218,2020,3,안암역,116.9387577,15,3,0,10,0,7,18,17,35
11774296,커피빈,11680,강남구,1168010600,대치동,서울특별시 강남구 대치동 942-16,서울특별시 강남구 삼성로86길,127.0582863,37.50587557,2020,1,한티역,948.0310089,87,79,15,7,5,11,181,23,204
20470512,커피빈,11650,서초구,1165010800,서초동,서울특별시 서초구 서초동 1328-3,서울특별시 서초구 강남대로,127.0281972,37.49564817,2020,9,강남역,427.6220361,45,34,9,5,1,9,88,15,103
20005513,커피빈,11680,강남구,1168010100,역삼동,서울특별시 강남구 역삼동 668-17,서울특별시 강남구 논현로,127.0365025,37.50233896,2020,2,동오역,346.3479421,87,79,15,7,5,11,181,23,204
9218388,커피빈,11710,송파구,1171010200,신천동,서울특별시 송파구 신천동 7-12,서울특별시 송파구 올림픽로35가길,127.1029857,37.51624324,2020,0,잠실역,254.4645033,33,17,1,8,6,10,51,24,75
16582983,커피빈,11650,서초구,1165010600,잠원동,서울특별시 서초구 잠원동 37-1,서울특별시 서초구 강남대로,127.0204187,37.51193806,2020,1,신사역,866.1657856,45,34,9,5,1,9,88,15,103
8696922,커피빈,11680,강남구,1168010700,신사동,서울특별시 강남구 신사동 660-1,서울특별시 강남구 압구정로46길,127.0368931,37.52827446,2020,2,압구정로데오역,407.8125626,87,79,15,7,5,11,181,23,204
17102809,커피빈,11650,서초구,1165010800,서초동,서울특별시 서초구 서초동 1582-12,서울특별시 서초구 반포대로,127.0105152,37.48668907,2020,3,서초역,448.928669,45,34,9,5,1,9,88,15,103
19992231,커피빈,11680,강남구,1168010500,삼성동,서울특별시 강남구 삼성동 120-13,서울특별시 강남구 삼성로,127.054131,37.51069906,2020,2,중앙역,506.7923043,87,79,15,7,5,11,181,23,204
25991098,커피빈,11710,송파구,1171011100,방이동,서울특별시 송파구 방이동 88,서울특별시 송파구 올림픽로,127.1157765,37.52034939,2020,2,한성백제역,486.0441626,33,17,1,8,6,10,51,24,75
28510156,커피빈,11680,강남구,1168011800,도곡동,서울특별시 강남구 도곡동 425,서울특별시 강남구 논현로,127.0432328,37.48187659,2020,3,매봉역,645.8089635,87,79,15,7,5,11,181,23,204
23494874,폴바셋,11680,강남구,1168010500,삼성동,서울특별시 강남구 삼성동 159,서울특별시 강남구 영동대로,127.0591391,37.51182033,2020,0,봉은사역,489.8535662,87,79,15,7,5,11,181,23,204
23216058,폴바셋,11680,강남구,1168010500,삼성동,서울특별시 강남구 삼성동 158-16,서울특별시 강남구 테헤란로,127.0581945,37.50777607,2020,2,봉은사역,896.4581366,87,79,15,7,5,11,181,23,204
26487873,폴바셋,11680,강남구,1168010800,논현동,서울특별시 강남구 논현동 115-13,서울특별시 강남구 언주로,127.0357298,37.51581243,2020,4,학동역,388.457989,87,79,15,7,5,11,181,23,204
25733239,폴바셋,11680,강남구,1168010700,신사동,서울특별시 강남구 신사동 615-4,서울특별시 강남구 압구정로36길,127.0313083,37.52794045,2020,2,압구정역,554.9130621,87,79,15,7,5,11,181,23,204
23260061,폴바셋,11650,서초구,1165010800,서초동,서울특별시 서초구 서초동 1715-9,서울특별시 서초구 서초대로,127.0130005,37.4937471,2020,3,교대역,407.6410104,45,34,9,5,1,9,88,15,103
25616412,폴바셋,11650,서초구,1165010700,반포동,서울특별시 서초구 반포동 19-3,서울특별시 서초구 신반포로,127.0023932,37.50393001,2020,3,고속터미널역,243.5394872,45,34,9,5,1,9,88,15,103
25767946,폴바셋,11680,강남구,1168010400,청담동,서울특별시 강남구 청담동 99-5,서울특별시 강남구 도산대로75길,127.0457958,37.52570664,2020,2,압구정로데오역,576.387698,87,79,15,7,5,11,181,23,204
23450083,폴바셋,11680,강남구,1168010400,청담동,서울특별시 강남구 청담동 41-2,서울특별시 강남구 학동로,127.0416233,37.51758141,2020,4,강남구청역,501.5125885,87,79,15,7,5,11,181,23,204
11964981,폴바셋,11650,서초구,1165010600,잠원동,서울특별시 서초구 잠원동 70-1,서울특별시 서초구 잠원로,127.006958,37.51024881,2020,4,반포역,482.2761921,45,34,9,5,1,9,88,15,103
11964995,폴바셋,11680,강남구,1168010600,대치동,서울특별시 강남구 대치동 937,서울특별시 강남구 도곡로,127.0532526,37.49695993,2020,3,한티역,289.224165,87,79,15,7,5,11,181,23,204
23793027,폴바셋,11680,강남구,1168010800,논현동,서울특별시 강남구 논현동 115-13,서울특별시 강남구 언주로,127.0357298,37.51581243,2020,4,학동역,388.457989,87,79,15,7,5,11,181,23,204
17066868,폴바셋,11680,강남구,1168010700,신사동,서울특별시 강남구 신사동 636-4,서울특별시 강남구 언주로,127.0339059,37.52742109,2020,1,압구정역,654.8850123,87,79,15,7,5,11,181,23,204
17114076,폴바셋,11650,서초구,1165010100,방배동,서울특별시 서초구 방배동 924-20,서울특별시 서초구 방배로,126.9961099,37.48326969,2020,3,방배역,234.3584601,45,34,9,5,1,9,88,15,103
16007184,폴바셋,11650,서초구,1165010800,서초동,서울특별시 서초구 서초동 1317-23,서울특별시 서초구 서초대로,127.0259036,37.49809817,2020,5,강남역,766.0452352,45,34,9,5,1,9,88,15,103
23788240,폴바셋,11650,서초구,1165010800,서초동,서울특별시 서초구 서초동 1361-10,서울특별시 서초구 강남대로,127.0326118,37.48656571,2020,3,양재역,209.2178232,45,34,9,5,1,9,88,15,103
23238249,폴바셋,11680,강남구,1168010500,삼성동,서울특별시 강남구 삼성동 142-35,서울특별시 강남구 테헤란로,127.0508489,37.50548265,2020,3,선릉역,341.8966668,87,79,15,7,5,11,181,23,204
25327169,폴바셋,11680,강남구,1168010400,청담동,서울특별시 강남구 청담동 76-2,서울특별시 강남구 삼성로,127.0501391,37.51955142,2020,3,강남구청역,296.2444148,87,79,15,7,5,11,181,23,204
3135122,폴바셋,11650,서초구,1165010800,서초동,서울특별시 서초구 서초동 1327-2,서울특별시 서초구 서초대로78길,127.0275281,37.49579585,2020,6,강남역,474.3207611,45,34,9,5,1,9,88,15,103
23715043,폴바셋,11680,강남구,1168010500,삼성동,서울특별시 강남구 삼성동 107,서울특별시 강남구 영동대로,127.0606881,37.51458087,2020,3,봉은사역,227.9088597,87,79,15,7,5,11,181,23,204
16275284,폴바셋,11650,서초구,1165010700,반포동,서울특별시 서초구 반포동 52-1,서울특별시 서초구 고무래로,127.0112248,37.50233732,2020,4,사평역,324.9633422,45,34,9,5,1,9,88,15,103
20694666,폴바셋,11680,강남구,1168010700,신사동,서울특별시 강남구 신사동 575,서울특별시 강남구 압구정로,127.0260332,37.52555433,2020,2,압구정역,301.4206815,87,79,15,7,5,11,181,23,204
16210098,폴바셋,11680,강남구,1168011400,일원동,서울특별시 강남구 일원동 717,서울특별시 강남구 일원로,127.0844309,37.48406823,2020,3,일원역,7.668902205,87,79,15,7,5,11,181,23,204
14235749,폴바셋,11650,서초구,1165010800,서초동,서울특별시 서초구 서초동 1498-5,서울특별시 서초구 서초대로38길,127.006832,37.489809,2020,0,,,45,34,9,5,1,9,88,15,103
23323417,폴바셋,11680,강남구,1168010800,논현동,서울특별시 강남구 논현동 91,서울특별시 강남구 언주로,127.0343472,37.52127052,2020,3,압구정역,589.1823642,87,79,15,7,5,11,181,23,204
20274032,폴바셋,11710,송파구,1171010100,잠실동,서울특별시 송파구 잠실동 40-1,서울특별시 송파구 올림픽로,127.0981244,37.51130447,2020,1,잠실역,464.5525024,33,17,1,8,6,10,51,24,75
16128620,메가커피,11305,강북구,1130510100,미아동,서울특별시 강북구 미아동 217-109,서울특별시 강북구 솔매로45길,127.0236953,37.63016414,2020,3,미아역,122.5749729,5,2,0,9,0,2,7,11,18
16666043,메가커피,11320,도봉구,1132010600,방학동,서울특별시 도봉구 방학동 661-1,서울특별시 도봉구 도당로,127.0360002,37.6651353,2020,5,방학역,748.2425416,2,0,0,7,0,2,2,9,11
16657992,메가커피,11710,송파구,1171010700,가락동,서울특별시 송파구 가락동 97-5,서울특별시 송파구 중대로9길,127.1189823,37.49496346,2020,0,가락시장역,237.1591559,33,17,1,8,6,10,51,24,75
16657946,메가커피,11350,노원구,1135010500,상계동,서울특별시 노원구 상계동 709-2,서울특별시 노원구 노해로,127.0589769,37.65424716,2020,4,노원역,182.0261698,11,3,0,12,2,6,14,20,34
16724403,메가커피,11290,성북구,1129013800,장위동,서울특별시 성북구 장위동 231-25,서울특별시 성북구 장위로,127.0427678,37.61384944,2020,5,상월곡역,975.8154693,15,3,0,10,0,7,18,17,35
16594595,메가커피,11320,도봉구,1132010600,방학동,서울특별시 도봉구 방학동 661-1,서울특별시 도봉구 도당로,127.0360002,37.6651353,2020,5,방학역,748.2425416,2,0,0,7,0,2,2,9,11
16948385,메가커피,11680,강남구,1168010600,대치동,서울특별시 강남구 대치동 897-33,서울특별시 강남구 선릉로86길,127.0510015,37.50325827,2020,2,선릉역,234.0160987,87,79,15,7,5,11,181,23,204
16767636,메가커피,11290,성북구,1129013600,하월곡동,서울특별시 성북구 하월곡동 222,서울특별시 성북구 오패산로,127.038693,37.60746399,2020,1,월곡역,677.9997292,15,3,0,10,0,7,18,17,35
16674342,메가커피,11305,강북구,1130510300,수유동,서울특별시 강북구 수유동 189-32,서울특별시 강북구 한천로,127.0247177,37.64121927,2020,1,가오리역,686.3037842,5,2,0,9,0,2,7,11,18
16681460,메가커피,11305,강북구,1130510400,우이동,서울특별시 강북구 우이동 100-34,서울특별시 강북구 삼양로149길,127.0121972,37.65404491,2020,2,솔밭공원역,247.0430313,5,2,0,9,0,2,7,11,18
17011301,메가커피,11710,송파구,1171010600,삼전동,서울특별시 송파구 삼전동 22-2,서울특별시 송파구 석촌호수로,127.0924868,37.50700829,2020,1,잠실새내역,580.5165257,33,17,1,8,6,10,51,24,75
17005025,메가커피,11710,송파구,1171010900,장지동,서울특별시 송파구 장지동 895,서울특별시 송파구 위례광장로,127.1436591,37.47706055,2020,3,장지역,1507.813281,33,17,1,8,6,10,51,24,75
17004065,메가커피,11350,노원구,1135010600,중계동,서울특별시 노원구 중계동 366-9,서울특별시 노원구 한글비석로,127.0773808,37.65156328,2020,4,상계역,1106.585648,11,3,0,12,2,6,14,20,34
16991346,메가커피,11710,송파구,1171010800,문정동,서울특별시 송파구 문정동 652-5,서울특별시 송파구 법원로4길,127.1220933,37.48230867,2020,0,문정역,608.12123,33,17,1,8,6,10,51,24,75
16973347,메가커피,11290,성북구,1129013300,정릉동,서울특별시 성북구 정릉동 409-51,서울특별시 성북구 보국문로,127.0104664,37.60766319,2020,4,북한산보국문역,526.5427108,15,3,0,10,0,7,18,17,35
16773145,메가커피,11320,도봉구,1132010800,도봉동,서울특별시 도봉구 도봉동 600-1,서울특별시 도봉구 도봉로,127.0446159,37.67740536,2020,6,도봉역,246.4023832,2,0,0,7,0,2,2,9,11
16966375,메가커피,11650,서초구,1165010100,방배동,서울특별시 서초구 방배동 441-1,서울특별시 서초구 동작대로,126.9821962,37.4803844,2020,1,이수역,539.212603,45,34,9,5,1,9,88,15,103
17055730,메가커피,11305,강북구,1130510100,미아동,서울특별시 강북구 미아동 209-3,서울특별시 강북구 도봉로,127.0255991,37.62665682,2020,6,미아역,319.6120045,5,2,0,9,0,2,7,11,18
17074682,메가커피,11350,노원구,1135010500,상계동,서울특별시 노원구 상계동 323-13,서울특별시 노원구 노해로,127.0645382,37.65539966,2020,6,노원역,388.4019558,11,3,0,12,2,6,14,20,34
17051958,메가커피,11350,노원구,1135010300,공릉동,서울특별시 노원구 공릉동 90-1,서울특별시 노원구 노원로1길,127.086421,37.62221474,2020,2,화랑대역,376.7402812,11,3,0,12,2,6,14,20,34
12667550,메가커피,11305,강북구,1130510400,우이동,서울특별시 강북구 우이동 100-34,서울특별시 강북구 삼양로149길,127.0121725,37.65419788,2020,2,솔밭공원역,231.5635995,5,2,0,9,0,2,7,11,18
17065303,메가커피,11680,강남구,1168010600,대치동,서울특별시 강남구 대치동 938,서울특별시 강남구 도곡로,127.0546263,37.49743047,2020,2,한티역,332.9007897,87,79,15,7,5,11,181,23,204
17050981,메가커피,11350,노원구,1135010600,중계동,서울특별시 노원구 중계동 154-22,서울특별시 노원구 덕릉로83길,127.074396,37.66012676,2020,3,상계역,125.377972,11,3,0,12,2,6,14,20,34
17075288,메가커피,11350,노원구,1135010200,월계동,서울특별시 노원구 월계동 46-1,서울특별시 노원구 화랑로,127.065155,37.6152273,2020,9,석계역,75.71987031,11,3,0,12,2,6,14,20,34
17132452,메가커피,11320,도봉구,1132010600,방학동,서울특별시 도봉구 방학동 715-9,서울특별시 도봉구 도봉로150길,127.0453432,37.66576092,2020,3,방학역,79.77513355,2,0,0,7,0,2,2,9,11
16111201,메가커피,11290,성북구,1129011900,동선동4가,서울특별시 성북구 동선동4가 42,서울특별시 성북구 아리랑로,127.0163777,37.59396275,2020,3,성신여대입구역,101.8765653,15,3,0,10,0,7,18,17,35
17122634,메가커피,11305,강북구,1130510300,수유동,서울특별시 강북구 수유동 173-6,서울특별시 강북구 도봉로,127.0284254,37.64103362,2020,4,수유역,658.201048,5,2,0,9,0,2,7,11,18
17127268,메가커피,11305,강북구,1130510100,미아동,서울특별시 강북구 미아동 838-62,서울특별시 강북구 솔샘로,127.0164738,37.62021079,2020,4,솔샘역,273.1232618,5,2,0,9,0,2,7,11,18
16685140,메가커피,11680,강남구,1168010700,신사동,서울특별시 강남구 신사동 582-3,서울특별시 강남구 압구정로28길,127.027819,37.52481216,2020,3,압구정역,147.8391041,87,79,15,7,5,11,181,23,204
17112121,메가커피,11320,도봉구,1132010500,쌍문동,서울특별시 도봉구 쌍문동 19-15,서울특별시 도봉구 도당로,127.0351438,37.65948785,2020,5,쌍문역,1157.7707,2,0,0,7,0,2,2,9,11
12594558,메가커피,11350,노원구,1135010500,상계동,서울특별시 노원구 상계동 1267,서울특별시 노원구 동일로,127.0558038,37.68018053,2020,3,수락산역,303.7043618,11,3,0,12,2,6,14,20,34
12492744,메가커피,11290,성북구,1129012500,안암동5가,서울특별시 성북구 안암동5가 101-2,서울특별시 성북구 인촌로27길,127.0296944,37.58699079,2020,4,안암역,101.9786463,15,3,0,10,0,7,18,17,35
16047773,메가커피,11710,송파구,1171010800,문정동,서울특별시 송파구 문정동 645,서울특별시 송파구 법원로11길,127.1162166,37.48494102,2020,0,문정역,564.6915255,33,17,1,8,6,10,51,24,75
17140897,메가커피,11290,성북구,1129013600,하월곡동,서울특별시 성북구 하월곡동 18-14,서울특별시 성북구 화랑로13길,127.0425235,37.60374681,2020,4,월곡역,241.0051457,15,3,0,10,0,7,18,17,35
16951879,메가커피,11350,노원구,1135010500,상계동,서울특별시 노원구 상계동 749-5,서울특별시 노원구 동일로,127.062189,37.65025412,2020,2,노원역,381.9017181,11,3,0,12,2,6,14,20,34
16243503,메가커피,11650,서초구,1165010800,서초동,서울특별시 서초구 서초동 1716-3,서울특별시 서초구 서초대로,127.0114,37.49333726,2020,1,서초역,377.3082953,45,34,9,5,1,9,88,15,103
16270087,메가커피,11710,송파구,1171010100,잠실동,서울특별시 송파구 잠실동 8,서울특별시 송파구 올림픽로,127.1002947,37.51331236,2020,4,잠실역,177.9502036,33,17,1,8,6,10,51,24,75
16570528,메가커피,11650,서초구,1165010800,서초동,서울특별시 서초구 서초동 1716-3,서울특별시 서초구 서초대로,127.0114,37.49333726,2020,1,서초역,377.3082953,45,34,9,5,1,9,88,15,103
17168473,메가커피,11650,서초구,1165010600,잠원동,서울특별시 서초구 잠원동 68-17,서울특별시 서초구 신반포로,127.0050321,37.50621391,2020,2,고속터미널역,152.1148231,45,34,9,5,1,9,88,15,103
17179227,메가커피,11290,성북구,1129013300,정릉동,서울특별시 성북구 정릉동 45-72,서울특별시 성북구 북악산로,127.018373,37.59896211,2020,2,성신여대입구역,665.1353453,15,3,0,10,0,7,18,17,35
15954955,메가커피,11305,강북구,1130510400,우이동,서울특별시 강북구 우이동 100-34,서울특별시 강북구 삼양로149길,127.0122181,37.65417123,2020,2,솔밭공원역,233.1119371,5,2,0,9,0,2,7,11,18
16592013,메가커피,11320,도봉구,1132010700,창동,서울특별시 도봉구 창동 569-85,서울특별시 도봉구 덕릉로,127.0386386,37.63896381,2020,3,수유역,678.9023723,2,0,0,7,0,2,2,9,11
16586287,메가커피,11710,송파구,1171010700,가락동,서울특별시 송파구 가락동 97-5,서울특별시 송파구 중대로9길,127.1189823,37.49496346,2020,0,가락시장역,237.1591559,33,17,1,8,6,10,51,24,75
17158063,메가커피,11680,강남구,1168010300,개포동,서울특별시 강남구 개포동 186-4,서울특별시 강남구 개포로82길,127.0677411,37.48865026,2020,3,개포동역,224.137474,87,79,15,7,5,11,181,23,204
17178583,메가커피,11710,송파구,1171010300,풍납동,서울특별시 송파구 풍납동 405-3,서울특별시 송파구 토성로,127.1167472,37.529169,2020,1,강동구청역,458.5927479,33,17,1,8,6,10,51,24,75
15658387,메가커피,11680,강남구,1168010100,역삼동,서울특별시 강남구 역삼동 821,서울특별시 강남구 테헤란로,127.0280225,37.49865626,2020,2,강남역,738.2979011,87,79,15,7,5,11,181,23,204
16590045,메가커피,11680,강남구,1168010300,개포동,서울특별시 강남구 개포동 186-4,서울특별시 강남구 개포로82길,127.0677411,37.48865026,2020,3,개포동역,224.137474,87,79,15,7,5,11,181,23,204
17264349,메가커피,11350,노원구,1135010600,중계동,서울특별시 노원구 중계동 366-9,서울특별시 노원구 한글비석로,127.0773808,37.65156328,2020,4,상계역,1106.585648,11,3,0,12,2,6,14,20,34
17261984,메가커피,11350,노원구,1135010500,상계동,서울특별시 노원구 상계동 749-5,서울특별시 노원구 동일로,127.0622498,37.64992122,2020,2,노원역,418.7104985,11,3,0,12,2,6,14,20,34
17201313,메가커피,11305,강북구,1130510300,수유동,서울특별시 강북구 수유동 279-124,서울특별시 강북구 삼양로,127.0143088,37.64862034,2020,4,가오리역,801.7724382,5,2,0,9,0,2,7,11,18
17091435,메가커피,11680,강남구,1168010600,대치동,서울특별시 강남구 대치동 941-32,서울특별시 강남구 도곡로77길,127.0587262,37.49876073,2020,2,대치역,617.8725559,87,79,15,7,5,11,181,23,204
17098514,메가커피,11290,성북구,1129013400,길음동,서울특별시 성북구 길음동 1284,서울특별시 성북구 길음로,127.0220757,37.60504783,2020,4,길음역,317.6705495,15,3,0,10,0,7,18,17,35
16989239,메가커피,11290,성북구,1129010400,동소문동1가,서울특별시 성북구 동소문동1가 27,서울특별시 성북구 동소문로,127.0070208,37.58910889,2020,7,한성대입구역,69.36719767,15,3,0,10,0,7,18,17,35
17143792,메가커피,11350,노원구,1135010200,월계동,서울특별시 노원구 월계동 410-7,서울특별시 노원구 석계로,127.0606984,37.62283273,2020,7,광운대역,153.1120003,11,3,0,12,2,6,14,20,34
17143685,메가커피,11320,도봉구,1132010500,쌍문동,서울특별시 도봉구 쌍문동 96-43,서울특별시 도봉구 도봉로,127.0332347,37.64676766,2020,2,쌍문역,302.6564997,2,0,0,7,0,2,2,9,11
17086360,메가커피,11650,서초구,1165010800,서초동,서울특별시 서초구 서초동 1575-9,서울특별시 서초구 서초중앙로,127.0137658,37.4914468,2020,2,서초역,435.7371383,45,34,9,5,1,9,88,15,103
17138794,메가커피,11350,노원구,1135010500,상계동,서울특별시 노원구 상계동 456-136,서울특별시 노원구 한글비석로,127.066566,37.66451616,2020,9,상계역,730.6020767,11,3,0,12,2,6,14,20,34
17229873,메가커피,11290,성북구,1129013900,석관동,서울특별시 성북구 석관동 332-573,서울특별시 성북구 돌곶이로,127.0609569,37.60677825,2020,3,돌곶이역,541.4167917,15,3,0,10,0,7,18,17,35
16688167,컴포즈,11710,송파구,1171010700,가락동,서울특별시 송파구 가락동 78,서울특별시 송파구 중대로,127.1224074,37.49508808,2020,6,경찰병원역,455.2406645,33,17,1,8,6,10,51,24,75
16973629,컴포즈,11680,강남구,1168010700,신사동,서울특별시 강남구 신사동 665-6,서울특별시 강남구 선릉로,127.0392906,37.52482494,2020,2,압구정로데오역,541.5292087,87,79,15,7,5,11,181,23,204
17036943,컴포즈,11710,송파구,1171010800,문정동,서울특별시 송파구 문정동 651,서울특별시 송파구 송파대로,127.1207441,37.4845513,2020,0,문정역,363.7381875,33,17,1,8,6,10,51,24,75
16747089,컴포즈,11680,강남구,1168010600,대치동,서울특별시 강남구 대치동 945-20,서울특별시 강남구 영동대로85길,127.0616651,37.50701977,2020,1,봉은사역,872.1913378,87,79,15,7,5,11,181,23,204
17081225,컴포즈,11710,송파구,1171010200,신천동,서울특별시 송파구 신천동 8,서울특별시 송파구 올림픽로,127.100655,37.51345026,2020,4,잠실역,142.6532677,33,17,1,8,6,10,51,24,75
17112884,컴포즈,11350,노원구,1135010500,상계동,서울특별시 노원구 상계동 693,서울특별시 노원구 동일로,127.0605308,37.65594447,2020,3,노원역,270.3692558,11,3,0,12,2,6,14,20,34
17110865,컴포즈,11710,송파구,1171010800,문정동,서울특별시 송파구 문정동 652-5,서울특별시 송파구 법원로4길,127.1220933,37.48230867,2020,0,문정역,608.12123,33,17,1,8,6,10,51,24,75
15994483,컴포즈,11710,송파구,1171010200,신천동,서울특별시 송파구 신천동 7,서울특별시 송파구 올림픽로35길,127.1020144,37.51800193,2020,1,잠실나루역,265.9445329,33,17,1,8,6,10,51,24,75
17147985,컴포즈,11710,송파구,1171010700,가락동,서울특별시 송파구 가락동 78,서울특별시 송파구 중대로,127.1224074,37.49508808,2020,6,경찰병원역,455.2406645,33,17,1,8,6,10,51,24,75
16455019,컴포즈,11650,서초구,1165010800,서초동,서울특별시 서초구 서초동 1666-2,서울특별시 서초구 서초대로54길,127.0164875,37.49257778,2020,1,교대역,268.6371182,45,34,9,5,1,9,88,15,103
16588427,컴포즈,11680,강남구,1168010500,삼성동,서울특별시 강남구 삼성동 142-3,서울특별시 강남구 테헤란로63길,127.0507276,37.50613044,2020,3,선릉역,393.8056095,87,79,15,7,5,11,181,23,204
17082538,컴포즈,11350,노원구,1135010500,상계동,서울특별시 노원구 상계동 1262,서울특별시 노원구 동일로,127.0549331,37.67911034,2020,5,수락산역,186.4493977,11,3,0,12,2,6,14,20,34
17089236,컴포즈,11680,강남구,1168010800,논현동,서울특별시 강남구 논현동 166,서울특별시 강남구 강남대로122길,127.0240605,37.50763414,2020,3,신논현역,712.6296709,87,79,15,7,5,11,181,23,204
17196732,컴포즈,11680,강남구,1168010600,대치동,서울특별시 강남구 대치동 891-23,서울특별시 강남구 선릉로90길,127.0535121,37.50507152,2020,0,선릉역,504.1666861,87,79,15,7,5,11,181,23,204
24379477,빽다방,11650,서초구,1165053100,서초4동,서울특별시 서초구 서초동 1316-28,서울특별시 서초구 서초대로73길,127.0252587,37.49811989,2020,4,강남역,801.0749773,45,34,9,5,1,9,88,15,103
25346931,빽다방,11650,서초구,1165052000,서초2동,서울특별시 서초구 서초동 1329-9,서울특별시 서초구 사임당로,127.0293055,37.4930262,2020,7,강남역,145.1832169,45,34,9,5,1,9,88,15,103
15655401,빽다방,11710,송파구,1171071000,잠실6동,서울특별시 송파구 신천동 7,서울특별시 송파구 올림픽로35길,127.099289,37.51981032,2020,0,잠실나루역,494.7177412,33,17,1,8,6,10,51,24,75
28450254,빽다방,11350,노원구,1135062100,중계1동,서울특별시 노원구 중계동 360-11,서울특별시 노원구 한글비석로,127.0763272,37.64878886,2020,4,상계역,1384.419797,11,3,0,12,2,6,14,20,34
25368024,빽다방,11290,성북구,1129057500,동선동,서울특별시 성북구 동선동1가 2-12,서울특별시 성북구 동소문로20나길,127.0167663,37.59196568,2020,3,성신여대입구역,126.351658,15,3,0,10,0,7,18,17,35
12425857,빽다방,11680,강남구,1168064000,역삼1동,서울특별시 강남구 역삼동 826-14,서울특별시 강남구 강남대로,127.0297769,37.49504844,2020,7,강남역,309.7255705,87,79,15,7,5,11,181,23,204
12438246,빽다방,11710,송파구,1171056100,방이1동,서울특별시 송파구 방이동 208-1,서울특별시 송파구 마천로,127.123888,37.50967823,2020,2,방이역,229.7528138,33,17,1,8,6,10,51,24,75
11797256,빽다방,11650,서초구,1165058100,반포4동,서울특별시 서초구 반포동 19-3,서울특별시 서초구 신반포로,127.0023932,37.50393001,2020,3,고속터미널역,243.5394872,45,34,9,5,1,9,88,15,103
11804299,빽다방,11290,성북구,1129070500,종암동,서울특별시 성북구 종암동 132,서울특별시 성북구 종암로,127.0334984,37.6019072,2020,3,월곡역,700.6974275,15,3,0,10,0,7,18,17,35
11804241,빽다방,11290,성북구,1129072500,월곡2동,서울특별시 성북구 하월곡동 16-7,서울특별시 성북구 화랑로,127.0420917,37.60297742,2020,5,월곡역,147.4904083,15,3,0,10,0,7,18,17,35
11795267,빽다방,11350,노원구,1135056000,월계1동,서울특별시 노원구 월계동 393-14,서울특별시 노원구 광운로,127.0589953,37.62134145,2020,1,광운대역,369.555172,11,3,0,12,2,6,14,20,34
11776418,빽다방,11290,성북구,1129066000,길음1동,서울특별시 성북구 길음동 1276,서울특별시 성북구 동소문로,127.0235872,37.60291588,2020,11,길음역,114.331109,15,3,0,10,0,7,18,17,35
11804350,빽다방,11650,서초구,1165058100,반포4동,서울특별시 서초구 반포동 128-4,서울특별시 서초구 신반포로,127.0050321,37.50621391,2020,2,고속터미널역,152.1148231,45,34,9,5,1,9,88,15,103
11804284,빽다방,11350,노원구,1135060000,공릉2동,서울특별시 노원구 공릉동 441-1,서울특별시 노원구 공릉로,127.0770973,37.62868373,2020,4,공릉역,501.3907687,11,3,0,12,2,6,14,20,34
7155897,빽다방,11680,강남구,1168075000,수서동,서울특별시 강남구 수서동 713,서울특별시 강남구 밤고개로1길,127.1018421,37.48801336,2020,7,수서역,114.539594,87,79,15,7,5,11,181,23,204
16585756,빽다방,11680,강남구,1168064000,역삼1동,서울특별시 강남구 역삼동 683-10,서울특별시 강남구 선릉로,127.0440621,37.5090772,2020,3,선정릉역,169.336837,87,79,15,7,5,11,181,23,204
11804279,빽다방,11290,성북구,1129060000,안암동,서울특별시 성북구 안암동5가 100-5,서울특별시 성북구 인촌로,127.0301397,37.58670612,2020,4,안암역,93.36521618,15,3,0,10,0,7,18,17,35
11797355,빽다방,11710,송파구,1171071000,잠실6동,서울특별시 송파구 신천동 7,서울특별시 송파구 올림픽로35길,127.099289,37.51981032,2020,0,잠실나루역,494.7177412,33,17,1,8,6,10,51,24,75
11797155,빽다방,11650,서초구,1165053100,서초4동,서울특별시 서초구 서초동 1316-28,서울특별시 서초구 서초대로73길,127.0252587,37.49811989,2020,4,강남역,801.0749773,45,34,9,5,1,9,88,15,103
11804545,빽다방,11710,송파구,1171053200,거여2동,서울특별시 송파구 거여동 36-6,서울특별시 송파구 오금로,127.1461442,37.49315353,2020,2,거여역,383.8384167,33,17,1,8,6,10,51,24,75
11806194,빽다방,11680,강남구,1168056500,청담동,서울특별시 강남구 청담동 40-2,서울특별시 강남구 선릉로,127.0408464,37.51906184,2020,2,강남구청역,573.1094421,87,79,15,7,5,11,181,23,204
11775767,빽다방,11680,강남구,1168064000,역삼1동,서울특별시 강남구 역삼동 669-9,서울특별시 강남구 봉은사로30길,127.0371055,37.50293858,2020,1,동오역,425.3602303,87,79,15,7,5,11,181,23,204
25252055,빽다방,11650,서초구,1165058100,반포4동,서울특별시 서초구 반포동 19-4,서울특별시 서초구 신반포로,127.0068163,37.50642716,2020,2,고속터미널역,244.1022009,45,34,9,5,1,9,88,15,103
25344968,빽다방,11710,송파구,1171065000,잠실본동,서울특별시 송파구 잠실동 183-3,서울특별시 송파구 백제고분로7길,127.083922,37.51092485,2020,2,잠실새내역,474.5445856,33,17,1,8,6,10,51,24,75
16957499,빽다방,11290,성북구,1129059000,돈암2동,서울특별시 성북구 돈암동 644,서울특별시 성북구 아리랑로,127.0136072,37.59882326,2020,4,정릉역,425.8499809,15,3,0,10,0,7,18,17,35
17045773,빽다방,11650,서초구,1165056000,반포1동,서울특별시 서초구 반포동 747-13,서울특별시 서초구 사평대로,127.023085,37.50437327,2020,1,신논현역,830.705132,45,34,9,5,1,9,88,15,103
17009285,빽다방,11650,서초구,1165054000,잠원동,서울특별시 서초구 잠원동 20-9,서울특별시 서초구 강남대로,127.0191474,37.51573896,2020,6,신사역,433.263739,45,34,9,5,1,9,88,15,103
17077814,빽다방,11350,노원구,1135064000,상계2동,서울특별시 노원구 상계동 617,서울특별시 노원구 노해로79길,127.0624067,37.65547284,2020,7,노원역,257.782668,11,3,0,12,2,6,14,20,34
25246852,빽다방,11710,송파구,1171067000,잠실2동,서울특별시 송파구 잠실동 8,서울특별시 송파구 올림픽로,127.1005744,37.51356678,2020,4,잠실역,143.4224428,33,17,1,8,6,10,51,24,75
17106995,빽다방,11650,서초구,1165065200,양재2동,서울특별시 서초구 양재동 316-9,서울특별시 서초구 마방로2길,127.039796,37.46946816,2020,3,양재시민의숲역,141.305572,45,34,9,5,1,9,88,15,103
16689989,빽다방,11290,성북구,1129071500,월곡1동,서울특별시 성북구 하월곡동 77-221,서울특별시 성북구 오패산로,127.0356367,37.61084499,2020,7,미아사거리역,676.1855939,15,3,0,10,0,7,18,17,35
9671976,빽다방,11680,강남구,1168058000,삼성1동,서울특별시 강남구 삼성동 159,서울특별시 강남구 봉은사로,127.0571003,37.5129394,2020,2,봉은사역,580.9937226,87,79,15,7,5,11,181,23,204
28411168,빽다방,11710,송파구,1171071000,잠실6동,서울특별시 송파구 신천동 7,서울특별시 송파구 올림픽로35길,127.0984584,37.51645205,2020,1,잠실역,414.4441484,33,17,1,8,6,10,51,24,75
17113100,빽다방,11305,강북구,1130559500,번1동,서울특별시 강북구 번동 418-3,서울특별시 강북구 도봉로,127.0270285,37.63867041,2020,6,수유역,541.47927,5,2,0,9,0,2,7,11,18
12611054,빽다방,11350,노원구,1135064000,상계2동,서울특별시 노원구 상계동 593-1,서울특별시 노원구 상계로3길,127.0622603,37.65720166,2020,2,노원역,427.8082753,11,3,0,12,2,6,14,20,34
25250881,빽다방,11680,강남구,1168063000,대치4동,서울특별시 강남구 대치동 941,서울특별시 강남구 도곡로77길,127.058634,37.49889516,2020,2,대치역,634.5264522,87,79,15,7,5,11,181,23,204
25275058,빽다방,11680,강남구,1168054500,압구정동,서울특별시 강남구 신사동 662-1,서울특별시 강남구 선릉로161길,127.0383637,37.52740341,2020,3,압구정로데오역,342.2282419,87,79,15,7,5,11,181,23,204
12451970,빽다방,11680,강남구,1168051000,신사동,서울특별시 강남구 신사동 535-7,서울특별시 강남구 도산대로11길,127.0225229,37.51972256,2020,0,신사역,331.7606131,87,79,15,7,5,11,181,23,204
17137373,빽다방,11320,도봉구,1132051400,창4동,서울특별시 도봉구 창동 13-2,서울특별시 도봉구 마들로11길,127.0501353,37.65350052,2020,7,창동역,761.3876939,2,0,0,7,0,2,2,9,11
23370656,빽다방,11305,강북구,1130563000,수유3동,서울특별시 강북구 수유동 221-22,서울특별시 강북구 도봉로87길,127.02326,37.6391889,2020,1,가오리역,622.0929975,5,2,0,9,0,2,7,11,18
25233906,빽다방,11710,송파구,1171062000,가락본동,서울특별시 송파구 가락동 80,서울특별시 송파구 송파대로28길,127.1200802,37.49488154,2020,0,가락시장역,273.345854,33,17,1,8,6,10,51,24,75
25253498,빽다방,11350,노원구,1135069500,상계6.7동,서울특별시 노원구 상계동 727,서울특별시 노원구 노해로,127.0616965,37.65426882,2020,4,노원역,113.2077274,11,3,0,12,2,6,14,20,34
17206021,빽다방,11320,도봉구,1132052100,도봉1동,서울특별시 도봉구 도봉동 619-17,서울특별시 도봉구 도봉로153길,127.0423302,37.67001639,2020,4,방학역,524.232975,2,0,0,7,0,2,2,9,11
27951583,빽다방,11680,강남구,1168064000,역삼1동,서울특별시 강남구 역삼동 858,서울특별시 강남구 강남대로,127.0282892,37.49815386,2020,3,강남역,677.9231889,87,79,15,7,5,11,181,23,204
25259337,빽다방,11680,강남구,1168054500,압구정동,서울특별시 강남구 신사동 627-6,서울특별시 강남구 언주로159길,127.0326234,37.52422988,2020,0,압구정역,387.7147848,87,79,15,7,5,11,181,23,204
17086639,빽다방,11710,송파구,1171056200,방이2동,서울특별시 송파구 방이동 111,서울특별시 송파구 백제고분로48길,127.1138556,37.51154968,2020,2,송파나루역,117.0622819,33,17,1,8,6,10,51,24,75
23405622,빽다방,11710,송파구,1171071000,잠실6동,서울특별시 송파구 신천동 7,서울특별시 송파구 올림픽로35길,127.099289,37.51981032,2020,0,잠실나루역,494.7177412,33,17,1,8,6,10,51,24,75
