상권_코드,상권_코드_명,id,구,총_유동인구_수,2020_총_유동인구_수_합격(상권코드),2019_총_유동인구_수_합격(상권코드),2018_총_유동인구_수_합격(상권코드)
1001010,풍성로37가길,18,송파구,9692443,38484755,39778747,10313459
1001009,천호옛길,2,강동구,8798709,35243241,36830225,11787651
1001008,천호옛14길,2,강동구,7345107,28912331,30301127,13523880
1001007,천호대로219길,2,강동구,1425329,5295936,4213537,658988
1001006,천호대로197길,2,강동구,5812854,23213442,22335673,5964018
1001005,천호대로187길,2,강동구,6416679,25770498,27058583,10806600
1001004,천호대로170길,2,강동구,10638967,43285695,44219355,13387428
1001003,천호대로162길,2,강동구,9881040,38881399,39699565,13598766
1001002,천중로51길,2,강동구,8436611,32826473,32293323,9765929
1001001,천중로39길,2,강동구,9787553,39763748,41263621,10154940
1001000,진황도로47길,2,강동구,5775526,23449235,25340585,13575495
1000999,진황도로27길,2,강동구,10034567,41696794,42717855,13051519
1000998,올림픽로98길,18,송파구,8187391,32034041,30080028,8831403
1000997,올림픽로80길,18,송파구,3999803,16606943,17191683,5775318
1000996,올림픽로78길,18,송파구,3832525,15701469,15811430,6392426
1000995,올림픽로77길,18,송파구,4786824,20392555,20065628,7355406
1000994,올림픽로71길,18,송파구,4346883,19033021,20561808,7972054
1000993,올림픽로48길,18,송파구,3762838,15316975,14730859,5032598
1000992,양재대로96길,15,서초구,6274310,26070149,25412343,6728008
1000991,양재대로95길,15,서초구,8487732,36609338,37217416,9563836
1000990,양재대로91길,15,서초구,6470117,27642379,27921747,6748517
1000989,양재대로133길,15,서초구,7922166,37827976,46429224,12020429
1000988,양재대로124길,15,서초구,8725003,33389999,29973575,8562424
1000987,양재대로116길,15,서초구,5271778,21335101,22033866,10304427
1000986,양재대로101길,15,서초구,8994751,38126491,41103516,14625145
1000985,암사길,2,강동구,8198604,40560178,49469292,9602056
1000984,성안로3길,2,강동구,4469972,18347703,17919573,5662129
1000983,성내로5길,2,강동구,8668736,34310149,35267842,9818572
1000982,상일로5길,2,강동구,1800216,6200163,4466886,812860
1000981,상암로5길,2,강동구,5220606,20909625,19646796,7984641
1000980,상암로51길,2,강동구,5430918,22029575,24074112,9732344
1000979,상암로4길,2,강동구,5654075,22406319,20691901,7255247
1000978,상암로14길,2,강동구,7196364,27525849,25621500,8048573
1000977,명일로13길,2,강동구,6307127,25506438,25643161,7133852
1000976,동남로85길,18,송파구,1836987,6885585,4931736,1814872
1000975,동남로82길,18,송파구,1077239,4004669,2804559,214289
1000974,동남로65길,18,송파구,1088057,4253949,4608049,1334845
1000973,구천면로42길,2,강동구,10454010,52846193,62155145,10728779
1000972,구천면로41길,2,강동구,9688786,45707446,48945292,10163676
1000971,구천면로36길,2,강동구,8221569,35031178,33002485,6858473
1000970,고덕로61길,2,강동구,2008734,7310107,4778302,1910549
1000969,고덕로25길,2,강동구,2408923,9214523,8941302,2118682
1000968,고덕로10길,2,강동구,6155512,24099441,21807612,8381796
1000967,강동대로53길,2,강동구,3971822,15782030,15827165,5247791
1000966,풍성로25길,18,송파구,6493564,25279969,27321543,7711838
1000965,오금로46길,18,송파구,5093640,22419094,21476463,4851866
1000964,오금로36길,18,송파구,3910370,16195489,16925993,4667305
1000963,오금로11길,18,송파구,6453146,26613025,27402787,10766578
1000962,양재대로72길,15,서초구,3345603,13637979,12950371,3867004
1000961,양재대로71길,15,서초구,3586318,14843421,15017277,4823186
1000960,양재대로64길,15,서초구,5000752,20608262,21203368,7317630
1000959,양재대로62길,15,서초구,3451251,13901349,13990126,5202217
1000958,송파대로30길,18,송파구,4323620,17653843,17546551,7352221
1000957,송이로36길,18,송파구,4148942,17657445,18458256,6510581
1000956,송이로32길,18,송파구,5702012,22999583,23187982,6271455
1000955,송이로23길,18,송파구,4906271,19256470,19267105,5642364
1000954,삼전로13길,18,송파구,7288863,31350855,32846164,11266244
1000953,백제고분로50길,18,송파구,5499348,22463855,22269819,5775952
1000952,백제고분로46길,18,송파구,4943172,20595129,20136538,6715188
1000951,백제고분로45길,18,송파구,5889428,23994076,24367719,7971538
1000950,백제고분로42길,18,송파구,4930469,18761148,17846137,6051449
1000949,백제고분로39길,18,송파구,4339151,17102645,17573380,5504687
1000948,백제고분로34길,18,송파구,5267902,21622221,19191510,3639555
1000947,백제고분로33길,18,송파구,5669071,23517260,22273991,5664125
1000946,백제고분로32길,18,송파구,4334826,17473229,16552637,3278201
1000945,백제고분로31길,18,송파구,6727255,28568124,27741472,8927315
1000944,백제고분로22길,18,송파구,4257764,17312343,16237029,3553289
1000943,백제고분로21길,18,송파구,5098324,22340731,22824133,7830032
1000942,마천로51길,18,송파구,5797973,20661209,19224632,3876107
1000941,동남로20길,18,송파구,4877272,20825167,20857402,5929637
1000940,거마로20길,18,송파구,5543774,21960838,21676163,4401357
1000939,학동로77길,1,강남구,3909208,15918683,15099922,4956576
1000938,학동로6길,1,강남구,4204012,18052501,18072542,5985645
1000937,학동로56길,1,강남구,6023917,24541108,24018759,11355162
1000936,학동로38길,1,강남구,3628839,14216762,13868624,6609749
1000935,테헤란로81길,1,강남구,2394154,10011940,11210861,6682764
1000934,일원로9길,1,강남구,3607530,14305212,15065910,4522796
1000933,일원로3길,1,강남구,3849639,15416180,15925143,4881027
1000932,영동대로65길,1,강남구,4175568,17489690,17861163,7127079
1000931,영동대로112길,1,강남구,1648470,7280077,8385892,4352287
1000930,언주로81길,1,강남구,6387206,26448671,26549954,13104923
1000929,압구정로2길,1,강남구,3199302,13800176,14549625,7920818
1000928,선릉로18길,1,강남구,949507,3734395,3434763,818105
1000927,선릉로146길,1,강남구,4187298,17134196,16029443,6492599
1000926,선릉로133길,1,강남구,4912092,19863369,19150958,10061216
1000925,선릉로132길,1,강남구,6554681,26746835,25289482,11238253
1000924,선릉로121길,1,강남구,4779857,19968675,20739160,9902257
1000923,삼성로75길,1,강남구,7050002,29011929,27868302,12689700
1000922,삼성로69길,1,강남구,6454369,26585454,26066007,9729237
1000921,삼성로64길,1,강남구,4055834,16199924,15988596,6509358
1000920,삼성로63길,1,강남구,6028388,24526584,24261430,10285305
1000919,삼성로57길,1,강남구,5253750,20862847,19601718,8273548
1000918,삼성로147길,1,강남구,3865778,15911858,14903898,5609015
1000917,삼성로115길,1,강남구,3956518,16482939,15158905,4658618
1000916,봉은사로68길,1,강남구,3689705,15209804,14586335,6288864
1000915,봉은사로57길,1,강남구,3582447,15098195,15506183,5667530
1000914,봉은사로43길,1,강남구,5650636,23308445,23227221,9270309
1000913,봉은사로29길,1,강남구,5949088,23532112,22416719,12166388
1000912,봉은사로109길,1,강남구,1849785,8296341,9692853,4180848
1000911,도산대로89길,1,강남구,2788286,11234079,10396635,3039131
1000910,도산대로81길,1,강남구,2842170,11275123,10623116,4197297
1000909,도산대로50길,1,강남구,4320219,17782233,17380384,8934362
1000908,도산대로38길,1,강남구,2293309,9754037,9689637,5056586
1000907,도산대로30길,1,강남구,2546282,10779586,10930285,5097102
1000906,도산대로23길,1,강남구,3579517,14484931,14565279,6568707
1000905,도산대로15길,1,강남구,3700107,15054232,14986556,6988766
1000904,도곡로37길,1,강남구,5783167,23940348,23448159,8181787
1000903,논현로8길,1,강남구,2097261,8381938,7873947,1769817
1000902,논현로63길,1,강남구,4388544,18238010,17790589,6650699
1000901,논현로28길,1,강남구,2753984,11519226,11464745,4733478
1000900,논현로26길,1,강남구,2813838,11429125,11441778,4962340
1000899,논현로159길,1,강남구,3537164,14394080,14434887,7639349
1000898,논현로139길,1,강남구,3593599,15115112,15091738,7466245
1000897,논현로123길,1,강남구,3847955,16337361,15435438,3873104
1000896,논현로115길,1,강남구,6142013,25244539,24211948,11344735
1000895,논현로10길,1,강남구,3248849,13321589,12972007,3035412
1000894,논현로106길,1,강남구,4041107,16631416,15764465,10032554
1000893,남부순환로365길,18,송파구,4083361,16717565,16288656,5762590
1000892,개포로82길,1,강남구,626361,2641050,1962745,546816
1000891,개포로28길,1,강남구,2343374,9583021,10914605,3192658
1000890,개포로20길,1,강남구,3548927,14375309,14591833,4224328
1000889,개포로17길,1,강남구,2642545,10650132,11713686,3949493
1000888,강남대로140길,1,강남구,3329588,13831807,13834070,8758894
1000887,강남대로136길,1,강남구,4189847,18064920,17528667,8676545
1000886,강남대로118길,1,강남구,4788690,19946466,19959877,6941166
1000885,서초중앙로8길,15,서초구,4100128,17502357,18676324,7167373
1000884,방배중앙로21길,15,서초구,4417652,18767816,18293486,5803577
1000883,효령로72길,15,서초구,3196575,12763040,14013694,5677183
1000882,효령로34길,15,서초구,2135225,8203331,8862338,4241017
1000881,효령로31길,15,서초구,4018473,15855379,16054071,6692097
1000880,효령로23길,15,서초구,3897951,15132816,15444695,6518741
1000879,청두곶길,15,서초구,4606379,19494247,20058779,7340653
1000878,주흥길,15,서초구,5198665,21985458,21810489,9730490
1000877,주흥15길,15,서초구,4711183,19933025,19990409,9537946
1000876,언남길,15,서초구,2741714,10811717,10440917,3393907
1000875,신반포로45길,15,서초구,4282863,17678380,18065244,8505238
1000874,서초대로8길,15,서초구,3424204,13648380,13985068,5382710
1000873,서초대로64길,15,서초구,3267524,13579860,15627116,5525018
1000872,서초대로4길,15,서초구,4513409,19221302,20826675,12786705
1000871,서초대로25길,15,서초구,4774707,18925593,18785925,6928374
1000870,서초대로23길,15,서초구,4172175,16357214,16474196,6367343
1000869,서초대로15길,15,서초구,3916261,15726399,16104954,5919987
1000868,사평대로57길,15,서초구,5013914,20950018,21072200,12230438
1000867,사평대로26길,15,서초구,2163278,8700951,7895952,2341894
1000866,사평대로22길,15,서초구,3242512,13066772,12489871,3211113
1000865,사임당로17길,15,서초구,4036394,16967775,20100284,11186734
1000864,방배로42길,15,서초구,3245872,12939734,13281096,4945976
1000863,방배로35길,15,서초구,4539815,18417632,18217838,6366194
1000862,방배로18길,15,서초구,3210967,13400180,13308037,5598288
1000861,반포대로9길,15,서초구,3127303,11700297,10703112,3715220
1000860,바우뫼로39길,15,서초구,3300288,13609753,13121432,5328488
1000859,마방로2길,15,서초구,2182938,8915590,9808132,2996686
1000858,방배천로4안길,15,서초구,3744413,16065050,16882020,9122002
1000857,동산로19길,15,서초구,3587787,14497618,13548903,3821491
1000856,동산로10길,15,서초구,2725883,11168155,11526922,2958613
1000855,동광로39길,15,서초구,3231051,13195416,11760222,3087992
1000854,동광로1길,15,서초구,4548182,19169551,18771508,4138014
1000853,동광로12길,15,서초구,5647876,23701153,24512467,14844620
1000852,논현로27길,1,강남구,2716694,11210165,10876720,4950507
1000851,논현로1길,1,강남구,3229829,13098741,12728769,2934724
1000850,남부순환로339길,15,서초구,2536541,10574471,11567833,3626611
1000849,남부순환로325길,15,서초구,3223490,13080838,13055816,7284337
1000848,남부순환로317길,15,서초구,3569133,13938212,13478699,6050678
1000847,고무래로8길,15,서초구,2887091,11391113,11584272,4012635
1000846,강남대로8길,1,강남구,2797605,11578717,12274177,3384592
1000845,강남대로34길,1,강남구,3477455,14119071,14289153,6646124
1000844,강남대로23길,1,강남구,1264607,5258163,5234531,2231204
1000843,소담길,1,강남구,6960055,27874101,24210083,5882941
1000842,원신길,5,관악구,3005214,12425890,11998264,2362776
1000841,양지길,5,관악구,3522214,14843343,15930316,5327235
1000840,양산길,5,관악구,3073823,13290102,14652495,4733943
1000839,호암로24길,5,관악구,7392121,31570828,35202079,13800701
1000838,호암로20길,5,관악구,7397982,31575040,32729167,11796637
1000837,행운길,5,관악구,7597821,32012481,32843107,11997931
1000836,행운1길,5,관악구,7262517,31067583,32085240,13858804
1000835,청림3길,5,관악구,6092471,24193949,21750172,4541224
1000834,청룡길,5,관악구,8027497,32021095,29868183,12477265
1000833,청룡8길,5,관악구,6723525,27229673,26430818,7772678
1000832,중앙길,19,양천구,9284950,37462624,34492266,10962540
1000831,조원중앙로2길,5,관악구,5331803,21611868,21628159,5867252
1000830,조원로18길,5,관악구,4577563,18246653,19322746,6079402
1000829,조원로10길,5,관악구,6092344,24318724,25677785,11434278
1000828,장군봉2길,5,관악구,4881286,20736251,21591569,5982240
1000827,장군봉1길,5,관악구,5938894,24375939,25025679,8215382
1000826,인헌길,5,관악구,4808860,19455822,16826863,3423905
1000825,은천로25길,5,관악구,4575206,17237600,15946210,3835262
1000824,양녕로6길,5,관악구,8366240,33901037,31561412,11968592
1000823,신원로3길,5,관악구,7451742,30788133,32279322,11785849
1000822,신사로20길,5,관악구,4276875,17581056,16617150,3445914
1000821,신림로65길,5,관악구,8183079,34346274,37719605,17752701
1000820,신림로64길,5,관악구,6112939,25124326,26183399,14107639
1000819,신림로48길,5,관악구,3828049,15484205,15980388,3461451
1000818,신림로38길,5,관악구,4998260,19969632,15585461,3533559
1000817,신림로28길,5,관악구,5766857,24630978,26069934,10964235
1000816,신림로11길,5,관악구,5284767,22279658,23232084,8948323
1000815,신림동길,5,관악구,8219067,34317692,36163610,14829306
1000814,승방길,5,관악구,4810476,19452390,19103452,7025988
1000813,서림7길,5,관악구,4252672,17384743,17714293,6576872
1000812,봉천로33길,5,관악구,7728186,30383656,28474907,10744338
1000811,봉천로13길,5,관악구,5030943,20444327,21015632,5540007
1000810,복은길,5,관악구,5497059,22329518,19848986,5319098
1000809,법원단지길,5,관악구,4869522,19727501,19523324,5021374
1000808,법원단지9길,5,관악구,5316286,21604655,21304663,4761217
1000807,미성5길,5,관악구,4578603,18739100,18255994,4770026
1000806,대학길,5,관악구,5845732,24797426,25437783,9103131
1000805,대학14길,5,관악구,4382152,18377653,18305919,5006106
1000804,당곡길,19,양천구,4135775,17000491,17083837,5961032
1000803,남현길,5,관악구,6284916,25315551,24642194,5650084
1000802,남현3길,5,관악구,6471707,26153155,26453620,8963707
1000801,남현2길,5,관악구,7892653,31306306,30935402,7358903
1000800,남부순환로248길,5,관악구,4581013,18617385,17357459,4641458
1000799,남부순환로234길,5,관악구,4117127,17129770,18305088,7498350
1000798,남부순환로172길,5,관악구,5929340,24527327,26152008,8457730
1000797,남부순환로161길,5,관악구,5592299,22423504,22164278,5339938
1000796,남부순환로151길,5,관악구,5068009,20096498,21633692,6234321
1000795,남부순환로142길,5,관악구,3828944,16038956,16174757,5060079
1000794,난향길,5,관악구,1356338,5537803,5285488,914231
1000793,난우길,5,관악구,5448224,22526393,21761830,4694069
1000792,난곡로74길,5,관악구,4940549,19900502,21373127,5247100
1000791,난곡로34길,5,관악구,4653309,18776275,18639629,4862963
1000790,난곡로26길,5,관악구,3704027,14804226,14575858,3326073
1000789,난곡로24길,5,관악구,2822558,11345906,11037187,1553604
1000788,낙성대역길,5,관악구,5699120,23620486,22800732,9287759
1000787,국회단지길,5,관악구,5902205,23179621,21681521,6142678
1000786,구암길,5,관악구,3542114,13923460,14906149,3663232
1000785,관천로22길,5,관악구,6613517,27455177,26958892,7868697
1000784,관천로15길,5,관악구,6482728,27028357,25910882,4433250
1000783,관악로30길,5,관악구,5251972,20603309,18689393,4422598
1000782,관악로28길,5,관악구,5042344,19989502,18507156,4578647
1000781,관악로14길,5,관악구,6663415,27352756,30165860,15008045
1000780,관악로10길,5,관악구,5121200,20874841,22557057,10115030
1000779,흑석로9길,12,동작구,2322340,9646190,11442849,13135589
1000778,흑석로13길,12,동작구,2270157,9544096,11340925,13349477
1000777,장승배기로27길,12,동작구,4587594,19695785,19993935,7893495
1000776,장승배기로19길,12,동작구,4576715,19833228,19766818,7255486
1000775,장승배기로10길,12,동작구,4457189,18875691,18816780,7298221
1000774,여의대방로46길,12,동작구,2883138,11631286,11402601,5393204
1000773,여의대방로24길,12,동작구,3608250,14907071,14953063,5488899
1000772,여의대방로22카길,12,동작구,4349060,18573997,18755850,6051593
1000771,여의대방로22나길,12,동작구,2522283,10370659,10332118,3587416
1000770,여의대방로22길,12,동작구,3283028,13724704,13730480,4138866
1000769,양녕로26길,12,동작구,3553435,14451996,13150267,2450320
1000768,신대방길,12,동작구,3526296,14402504,13857948,5811341
1000767,성대로29길,12,동작구,5359669,22149234,20898094,4927930
1000766,성대로1길,12,동작구,4778064,18971574,17280840,5655566
1000765,서달로8가길,12,동작구,3517018,14916789,15816287,15803097
1000764,서달로15길,12,동작구,1916837,8341820,10215929,14972892
1000763,서달로14길,12,동작구,2437317,10834816,11061586,10408857
1000762,서달로10길,12,동작구,4028611,16274376,16566128,9313644
1000761,상도로62길,12,동작구,5094385,20866181,22856748,6582467
1000760,상도로61길,12,동작구,3794154,15827885,17091638,5037031
1000759,상도로47길,12,동작구,4441714,17734725,17899333,4243757
1000758,상도로37길,12,동작구,4278062,17012301,16987913,4804169
1000757,상도로15길,12,동작구,5842651,23886400,22010207,8057676
1000756,사당로8길,12,동작구,5636800,23729708,21923605,5241986
1000755,사당로30길,12,동작구,3806771,15788578,16788740,10232297
1000754,사당로2차길,12,동작구,2784335,11742546,8992119,2233793
1000753,사당로29길,12,동작구,4769628,19866388,21192893,12378741
1000752,사당로26길,12,동작구,5088744,20399887,21287012,7992324
1000751,사당로23나길,12,동작구,2616586,10912480,11246924,2874608
1000750,사당로23길,12,동작구,3041006,12743958,12712944,2185875
1000749,사당로20길,12,동작구,5392393,21217490,22165264,6456812
1000748,사당로16길,12,동작구,6850455,27118972,26172272,6575860
1000747,사당로16가길,12,동작구,5407991,22811998,21483305,5578488
1000746,만양로8길,12,동작구,5741923,24346201,25381048,9336280
1000745,만양로14길,12,동작구,3813778,16864542,17820701,8486377
1000744,등용로14길,12,동작구,3049866,12350884,12050559,4368674
1000743,동작대로7길,12,동작구,7327314,29820619,30765829,13393212
1000742,동작대로35길,12,동작구,4798436,19990765,19336607,4980786
1000741,동작대로33길,12,동작구,6119143,25364010,26053539,12405236
1000740,동작대로29길,12,동작구,4371625,17485885,18374047,7638142
1000739,동작대로17길,12,동작구,4613528,19159662,20946171,12676559
1000738,대방동2길,12,동작구,3228251,13025679,13220116,5321362
1000737,대방동27길,12,동작구,2892109,11438150,11612014,4057725
1000736,노량진로6길,12,동작구,4551758,19299566,18510653,5477228
1000735,국사봉길,12,동작구,6445641,26258657,25057598,7033524
1000734,국사봉2길,12,동작구,4547394,18834442,18173502,6255772
1000733,국사봉1길,12,동작구,5862269,23526022,22212323,8384473
1000732,영신로9길,20,영등포구,5258067,21812662,24886475,7113516
1000731,영등포로84길,20,영등포구,5133579,20502308,20198474,8535082
1000730,영등포로80길,20,영등포구,4973179,19855897,19890819,8977992
1000729,영등포로62길,20,영등포구,3642229,14938113,17301257,4615912
1000728,영등포로35길,20,영등포구,3472260,14518915,16315770,9864096
1000727,영등포로27길,20,영등포구,4098929,17122228,17606622,5171574
1000726,영등포로25길,20,영등포구,3374882,14354779,14759355,5535393
1000725,여의대방로61길,20,영등포구,2451405,10037193,10533423,4666209
1000724,여의대방로43나길,20,영등포구,4862617,19175899,18002302,5879249
1000723,여의대방로39길,20,영등포구,2506338,9908823,9125380,2820666
1000722,여의대방로35길,20,영등포구,4149634,16695219,16206096,5498144
1000721,양평로28길,20,영등포구,1329506,5470015,5228025,1410825
1000720,양평로22라길,20,영등포구,1762650,7324595,6948122,2501551
1000719,양평로19길,20,영등포구,2977363,12525641,12749932,4848965
1000718,신길로60길,20,영등포구,5344366,21772608,24068572,7142318
1000717,신길로42길,20,영등포구,4844712,19056826,18675824,4921383
1000716,신길로42가길,20,영등포구,7015524,27835634,26597843,8551751
1000715,신길로39길,20,영등포구,5184226,21069712,23689930,6843572
1000714,신길로17길,20,영등포구,5610155,19950123,16766725,4571821
1000713,선유서로28길,20,영등포구,2860034,11823552,11176303,4374811
1000712,선유서로25길,20,영등포구,2242148,9428801,8901206,2931068
1000711,선유서로24길,20,영등포구,3065540,12514809,12005025,4552629
1000710,선유로55길,20,영등포구,2226680,9258443,9487685,3891328
1000709,디지털로74길,20,영등포구,6897585,23184247,18075829,5184871
1000708,디지털로57길,20,영등포구,5982683,23452830,24164888,9800403
1000707,디지털로37길,20,영등포구,5775207,22989681,24808354,9249364
1000706,도신로62길,20,영등포구,5329958,21168785,20442824,8520259
1000705,도신로60길,20,영등포구,4908323,19489653,18582454,6925799
1000704,도신로29길,20,영등포구,4859495,20075090,21854740,5609886
1000703,도신로15길,20,영등포구,4676391,19518716,19075436,5973304
1000702,도림천로21길,20,영등포구,5160363,21267600,21056971,7667005
1000701,도림로63길,20,영등포구,4092549,16056953,15886592,5258794
1000700,도림로147길,20,영등포구,2301194,9476184,9436510,3490158
1000699,도림로112길,20,영등포구,4986782,20584475,21054786,6906949
1000698,대림로8길,20,영등포구,5963583,22302284,19558756,8169408
1000697,대림로7길,20,영등포구,3023099,12763005,12442363,5230934
1000696,대림로44길,20,영등포구,2976584,12979507,14734493,5514116
1000695,대림로34길,20,영등포구,3527298,14768082,15999187,6911150
1000694,대림로31길,20,영등포구,4034327,15982441,17054079,6993019
1000693,대림로29길,20,영등포구,5578410,22072579,24797973,10078002
1000692,대림로22길,20,영등포구,7304677,25963642,22028890,7238261
1000691,당산로46길,20,영등포구,2566570,10946658,11720998,7609795
1000690,당산로38길,20,영등포구,4091637,16092576,15845665,6541786
1000689,당산로37길,20,영등포구,4392185,18462432,18969328,6553174
1000688,당산로31길,20,영등포구,3475237,14429517,15074458,6381747
1000687,국회대로56길,20,영등포구,2781333,11958932,12931838,6735521
1000686,경인로90길,20,영등포구,2044114,8718733,9810545,4358835
1000685,경인로80길,20,영등포구,2495993,10167593,10142796,3829799
1000684,경인로77길,20,영등포구,2420238,10046819,10571810,3846230
1000683,가마산로61길,20,영등포구,4714354,19164267,18712701,6096160
1000682,시흥대로94길,8,금천구,4129383,15220934,16758490,4449901
1000681,시흥대로84길,8,금천구,4620595,17433522,17057567,3589272
1000680,시흥대로68길,8,금천구,4615559,18757377,18499111,6493223
1000679,시흥대로63길,8,금천구,1839629,7564342,7301607,4785216
1000678,시흥대로62가길,8,금천구,3787548,15682524,16423687,6179884
1000677,시흥대로36길,8,금천구,1235965,5220496,5760328,898360
1000676,시흥대로22길,8,금천구,1488975,6079604,6365979,654237
1000675,시흥대로153길,8,금천구,3157731,12504525,11516609,4443184
1000674,시흥대로150길,8,금천구,4523464,18269655,17272587,4543949
1000673,시흥대로141길,8,금천구,3419073,13606371,12056633,4567780
1000672,시흥대로138길,8,금천구,2498274,10010600,9753000,3534195
1000671,시흥대로120길,8,금천구,4004607,16829775,16295028,5134840
1000670,벚꽃로56길,8,금천구,2306101,8770320,8829242,2741950
1000669,범안로17길,8,금천구,1632869,6744914,7882686,2497105
1000668,범안로11길,8,금천구,2036061,8109110,8845549,2709272
1000667,문성로5길,8,금천구,4659320,18875328,18719765,4403466
1000666,독산로85길,8,금천구,3127048,12731172,12892613,4081972
1000665,독산로78다길,8,금천구,4627655,20851680,18190404,3929253
1000664,독산로70길,8,금천구,4510805,19633596,17533579,3848273
1000663,독산로64길,8,금천구,3843950,15008049,13138115,2740737
1000662,독산로50길,8,금천구,2166906,8753399,8295224,883627
1000661,독산로40길,8,금천구,3632519,14684532,14673207,2174322
1000660,독산로108길,8,금천구,4538863,18524304,18690941,4874028
1000659,남부순환로112길,8,금천구,3571493,14026647,12960788,5527048
1000658,금하로24길,8,금천구,2658939,11083727,11352423,3197076
1000657,금하로1길,8,금천구,597999,2339923,2332039,379603
1000656,금하로14길,8,금천구,2999443,12638816,13671021,5740384
1000655,가산로5길,8,금천구,3189302,12134340,11321006,4662474
1000654,가산로3길,8,금천구,2175078,8546216,7996739,2811903
1000653,중앙로1길,7,구로구,2172853,8946543,9385088,4548480
1000652,중앙로15길,7,구로구,3174230,12746432,12273353,2946129
1000651,우마길,7,구로구,4065656,16089963,16662611,4940791
1000650,오류로8길,7,구로구,3514969,14364326,14147169,4787082
1000649,신도림로13길,7,구로구,2188102,8751874,8132848,1601613
1000648,새말로18길,7,구로구,2824995,11211172,11857894,3489705
1000647,부일로1길,7,구로구,901340,3501112,3382359,820250
1000646,부일로15길,7,구로구,1870190,7630147,8622020,899330
1000645,부일로11길,7,구로구,2007854,8160496,8386701,723285
1000644,디지털로32길,7,구로구,4094355,16030355,17265584,9815228
1000643,디지털로32가길,7,구로구,3997946,15439395,15318892,9157746
1000642,디지털로27길,7,구로구,4308502,17504549,18113106,6846410
1000641,도림로6길,7,구로구,5326682,21451823,21614418,6402315
1000640,도림로12길,7,구로구,5350308,22637334,21741201,6669148
1000639,남부순환로97길,7,구로구,2221990,9030320,9378082,2860257
1000638,구로중앙로8길,7,구로구,5178051,19888897,23095600,8695408
1000637,구로중앙로7길,7,구로구,4859317,19583035,19578672,5504169
1000636,구로중앙로42길,7,구로구,2157240,8771406,8446707,2097928
1000635,구로중앙로34길,7,구로구,3494557,14097076,15092551,6089616
1000634,구로중앙로28길,7,구로구,5067679,20485843,19968166,7191487
1000633,구로중앙로19길,7,구로구,3468897,14058847,13358266,4596435
1000632,구로동로8길,7,구로구,8192134,33371649,31733426,9550244
1000631,구로동로7길,7,구로구,5509445,20814089,20675790,6207343
1000630,구로동로42길,7,구로구,4137286,17853506,18262518,5416399
1000629,구로동로41길,7,구로구,3716909,15706749,14199530,4360274
1000628,구로동로38길,7,구로구,4206282,17963414,16480039,5214577
1000627,구로동로28길,7,구로구,4527790,17713273,16735370,6044704
1000626,구로동로15길,7,구로구,3603496,13646586,13188895,4337387
1000625,공원로6가길,7,구로구,3641064,14603952,14966773,4683943
1000624,고척로52길,7,구로구,3126776,12564041,13837057,2343710
1000623,고척로27다길,7,구로구,4098886,16607307,16207275,3460680
1000622,고척로27길,7,구로구,4565141,18494161,17558922,3302815
1000621,고척로21나길,7,구로구,3958305,16094127,14920824,2299893
1000620,경인로47길,7,구로구,3183784,12931754,12991588,4357494
1000619,경인로35길,7,구로구,3358471,13588069,14363766,3330264
1000618,경인로31길,7,구로구,2920739,11910529,11877502,2772811
1000617,경인로15길,7,구로구,3106228,12679051,11333619,2129554
1000616,개봉로3길,7,구로구,2569057,10202251,9142080,3747648
1000615,개봉로2길,7,구로구,2905161,11542596,11438675,4839574
1000614,개봉로23가길,7,구로구,2603802,10607454,11374831,3638888
1000613,개봉로20길,7,구로구,2682223,11087824,11715479,3178899
1000612,개봉로1길,7,구로구,1646437,6752933,6683954,2457220
1000611,개봉로17다길,7,구로구,3921366,16153541,14627191,4156948
1000610,개봉로17길,7,구로구,3363555,13913516,13303077,3540565
1000609,개봉로11길,7,구로구,3781437,15308494,13115040,4577716
1000608,화곡로64길,4,강서구,3906948,16045952,15191106,6424661
1000607,화곡로59길,4,강서구,2476923,10217967,10650859,6714268
1000606,화곡로44나길,4,강서구,4653661,17775084,18243889,6228572
1000605,화곡로31길,4,강서구,5930292,24133281,24940357,9891474
1000604,화곡로20길,4,강서구,5716610,23751229,22130480,4906451
1000603,화곡로13길,4,강서구,4279831,17965704,16175156,3662383
1000602,초원로16길,4,강서구,4090596,16617574,17635262,4285665
1000601,초록마을로8길,4,강서구,6411247,26030077,23711614,4026112
1000600,초록마을로3길,4,강서구,5252999,20506244,18676172,4017237
1000599,월정로20길,4,강서구,8722162,33426953,28403281,6405478
1000598,우장산로6길,4,강서구,4769469,17899662,15016998,4291276
1000597,양천로73가길,4,강서구,4839576,19384067,19061477,5583005
1000596,양천로71길,4,강서구,4541819,18046047,17377615,5040159
1000595,양천로49길,4,강서구,1036378,4189490,4321636,1708936
1000594,양천로26길,4,강서구,1770963,7204278,7215861,1219352
1000593,양천로24길,4,강서구,4400354,18272282,16886201,4050695
1000592,양천로24가길,4,강서구,4239239,17621605,15934825,4492020
1000591,양천로14길,4,강서구,4314471,18125453,17893566,3727716
1000590,방화대로6라길,4,강서구,1505933,6189133,6937964,1653254
1000589,방화대로21길,4,강서구,2877757,11263795,11201666,3266581
1000588,등촌로5길,4,강서구,4794172,19858306,19281881,4436315
1000587,등촌로55길,4,강서구,3276478,13299499,12347559,3558634
1000586,등촌로51길,4,강서구,3682754,14928214,14118525,3370790
1000585,등촌로39길,4,강서구,3406068,13371098,13338074,2402330
1000584,등촌로13길,4,강서구,4933258,20668627,19156105,4148602
1000583,남부순환로11길,4,강서구,2829493,11620893,11887419,2804308
1000582,까치산로4길,4,강서구,7660411,31188319,29473750,6260821
1000581,국회대로7길,4,강서구,4848501,19766582,21416403,4643606
1000580,공항대로8길,4,강서구,3019120,12434443,13072738,4112510
1000579,공항대로61길,4,강서구,4698401,18785478,17449413,6385764
1000578,공항대로59다길,4,강서구,5855448,23549143,22855247,8476464
1000577,공항대로59길,4,강서구,4885868,19394184,17267036,5473643
1000576,공항대로55길,4,강서구,3502725,14141241,12271491,2610152
1000575,공항대로42길,4,강서구,2425810,10729207,11480672,4831842
1000574,공항대로38길,4,강서구,1879076,8130799,9369374,5137991
1000573,곰달래로60길,4,강서구,4181349,17463029,17981034,4640723
1000572,곰달래로53길,4,강서구,4453600,18279636,16808514,3077416
1000571,곰달래로47길,4,강서구,5045065,20234640,19529735,3736212
1000570,곰달래로31길,4,강서구,6102253,24080746,25623003,8392252
1000569,곰달래로25길,4,강서구,8186392,32583212,35576906,12951119
1000568,개화동로25길,4,강서구,3192625,13196136,14221981,2599606
1000567,개화동로23길,4,강서구,4119125,17055834,18213537,3367608
1000566,강서로8길,4,강서구,9073960,35226950,39070530,14392327
1000565,강서로5라길,4,강서구,4973894,19554133,22019609,5549402
1000564,강서로5나길,4,강서구,9977873,38119823,33870267,9255006
1000563,강서로5가길,4,강서구,11500673,43910805,43122103,14255685
1000562,강서로47라길,4,강서구,4522118,18056187,17569863,4513540
1000561,강서로47길,4,강서구,5191210,20569375,19441562,4394553
1000560,강서로45다길,4,강서구,4769472,19401527,18958222,5778265
1000559,강서로45길,4,강서구,3370394,13852707,13545237,4161594
1000558,강서로35길,4,강서구,5117395,20654873,20260201,7839192
1000557,강서로29길,4,강서구,7356549,29782983,28646644,8386805
1000556,강서로18길,4,강서구,9156827,36540717,33922520,7718727
1000555,강서로17가길,4,강서구,6947681,28342177,27235596,6525087
1000554,강서로15길,4,강서구,14333663,56226712,51906401,13454309
1000553,가로공원로80길,4,강서구,5956405,24303745,23604488,3865888
1000552,가로공원로76가길,4,강서구,6928381,28756198,27633007,5794806
1000551,화곡로4길,19,양천구,2144889,8897039,9203872,1951872
1000550,화곡로3길,19,양천구,1456143,6091526,6255743,1049191
1000549,지양로7길,19,양천구,1874821,8196407,8398586,1381131
1000548,중앙로55길,19,양천구,5126556,20374063,21199157,4672038
1000547,중앙로51길,19,양천구,5554445,22480149,22246450,3515438
1000546,중앙로47길,19,양천구,4492555,18319110,17406658,3904705
1000545,중앙로45길,19,양천구,5136710,20589195,19445347,3934456
1000544,중앙로36길,19,양천구,2855807,11722751,11665600,4682431
1000543,중앙로32길,19,양천구,2801554,11436807,11565227,3872765
1000542,중앙로25길,19,양천구,3253512,13354617,12648029,2845663
1000541,은행정로7길,19,양천구,5147494,21487647,22068069,6402450
1000540,은행정로5길,19,양천구,3239207,13307603,13765485,4862970
1000539,오목로5길,19,양천구,5256972,21693686,22841509,4196959
1000538,오목로3길,19,양천구,4877157,20207186,19927402,3531144
1000537,오목로30길,19,양천구,6136203,26146145,25670670,5525976
1000536,오목로23길,19,양천구,6037865,24398334,23920674,6311213
1000535,신월로20길,19,양천구,4264075,16798881,15555619,3385435
1000534,신월로15길,19,양천구,5287406,21205206,21017120,4931693
1000533,신목로6길,19,양천구,5129831,20880870,19424659,6368658
1000532,신목로5길,19,양천구,3202784,12850677,11801660,3468761
1000531,신목로2길,19,양천구,3995147,16128210,15108590,4481616
1000530,목동중앙서로8가길,19,양천구,3339989,13549128,13186731,3860345
1000529,목동중앙서로7길,19,양천구,6061973,24575146,21775675,4966277
1000528,목동중앙북로8길,19,양천구,4664450,18363311,17893563,5395471
1000527,목동중앙북로16길,19,양천구,3825423,16212580,15743131,3419779
1000526,목동중앙본로7길,19,양천구,7332927,29534291,29042684,5815987
1000525,목동중앙로3길,19,양천구,5592911,22538614,21072393,4140148
1000524,목동중앙로13나길,19,양천구,660691,2756112,2883283,710772
1000523,목동중앙남로3가길,19,양천구,6096747,24861741,23911707,4398802
1000522,목동로9길,19,양천구,4380848,18297732,19790217,7727185
1000521,목동로19길,19,양천구,4962854,20645516,21617379,7842236
1000520,목동동로8길,19,양천구,1975137,7780766,7226339,2052716
1000519,목동동로12길,19,양천구,4628551,19134812,19265936,7924399
1000518,목동남로4길,19,양천구,1913451,7858284,7402526,1913191
1000517,남부순환로88길,19,양천구,1576771,6319575,6168447,1338920
1000516,남부순환로79길,19,양천구,2982769,12052545,11856285,3366958
1000515,남부순환로70길,19,양천구,3126961,13081757,13091974,2480109
1000514,남부순환로58길,19,양천구,2874221,11606831,11843953,2311489
1000513,남부순환로40길,19,양천구,2917387,12041306,12160084,1872126
1000512,남부순환로33길,19,양천구,3504532,15355555,14567434,3139193
1000511,곰달래로5길,19,양천구,4359702,17887700,17794312,3889372
1000510,곰달래로3길,19,양천구,4399854,17858667,17630067,3800611
1000509,곰달래로2길,19,양천구,3185480,12820838,12569999,2439556
1000508,곰달래로10길,19,양천구,5776597,23128396,22175373,4803148
1000507,가로공원로58길,19,양천구,2222117,9076130,9183097,1065479
1000506,효창원로93길,21,용산구,6283263,26155338,25479859,7935315
1000505,토정로37길,13,마포구,5968546,24338360,21844946,10096026
1000504,월드컵로8길,13,마포구,4830583,20262647,21574412,10801819
1000503,월드컵로7길,13,마포구,4796486,20545713,22199252,8805362
1000502,월드컵로36길,13,마포구,4935076,20091659,20099439,4517537
1000501,월드컵로25길,13,마포구,6985640,27806943,25896949,7377890
1000500,월드컵로19길,13,마포구,5573824,23517781,22807498,8283543
1000499,월드컵로16길,13,마포구,5734551,24243116,22516254,8063296
1000498,월드컵로11길,13,마포구,5808902,24017367,24664778,8974473
1000497,월드컵로10길,13,마포구,5489179,23042163,22974328,9355103
1000496,와우산로3길,13,마포구,2872856,12174013,13355065,8917386
1000495,와우산로29길,13,마포구,3540869,14639683,16509700,9266341
1000494,와우산로29가길,13,마포구,3152041,12777056,14407351,9735095
1000493,양화진길,13,마포구,2582272,10731619,12239546,8068263
1000492,양화로1길,13,마포구,3818566,16017405,16767238,7057290
1000491,양화로11길,13,마포구,4304979,17766802,19371720,11270550
1000490,신촌로30길,13,마포구,4043306,16954915,16547959,7305826
1000489,신촌로28가길,13,마포구,3939565,16474728,15917814,7145015
1000488,신촌로12길,13,마포구,5037652,21167987,24177290,16124316
1000487,숭문길,13,마포구,4096895,16026974,16654082,6257564
1000486,숭문8길,13,마포구,3856778,15255379,15138711,4622582
1000485,성지3길,13,마포구,2463210,10035793,11437538,7745955
1000484,성산로4길,13,마포구,5304629,21220934,21029120,5237759
1000483,성미산로32길,13,마포구,4463360,18487943,18101251,8276554
1000482,성미산로1길,13,마포구,6195832,25954822,24641487,6797186
1000481,성미산로11길,13,마포구,4233332,17029721,16466224,6133825
1000480,백범로16길,13,마포구,6049523,24338144,24365614,9518399
1000479,방울내로9안길,13,마포구,5810942,23747776,23459597,5867760
1000478,모래내로7길,13,마포구,3668409,15337443,15354730,4075431
1000477,매봉산로2길,13,마포구,2180691,9108538,9158932,3330124
1000476,망원로2길,13,마포구,6804908,26350153,26032985,7583517
1000475,망원로11길,13,마포구,6126002,26074340,25448387,7453512
1000474,만리재옛길,13,마포구,6679648,28135961,28581589,9198937
1000473,마포대로4길,13,마포구,4514886,18122171,17408671,9743512
1000472,마포대로20길,13,마포구,4590816,19465308,20521114,7467207
1000471,마포대로12길,13,마포구,5116591,21268026,21880014,9387664
1000470,동교로38길,13,마포구,5256024,21744920,23384587,11154118
1000469,동교로27길,13,마포구,5916709,24874077,26068921,13863007
1000468,동교로25길,13,마포구,4468605,18177802,18744931,10379413
1000467,동교로19길,13,마포구,4399707,18075929,17958011,8521851
1000466,동교로17길,13,마포구,5019184,20941803,21192930,9583508
1000465,독막로8길,13,마포구,2731763,11476148,13362724,8857834
1000464,독막로32길,13,마포구,5780110,23492582,22905812,8827388
1000463,독막로22길,13,마포구,2736062,11208802,11061346,4012915
1000462,도화길,13,마포구,5197919,20895437,21516869,14796327
1000461,도화4길,13,마포구,5437129,21877134,22467908,11910419
1000460,대흥로28길,13,마포구,4177273,17351748,17675163,8488115
1000459,대흥로21길,13,마포구,6203940,26311368,29546937,25323501
1000458,광성로6길,13,마포구,4306071,17266145,17316723,7309553
1000457,홍제내길,14,서대문구,2701385,9794277,9912893,2634369
1000456,홍연길,14,서대문구,3441562,14546833,15848725,3350565
1000455,통일로39길,14,서대문구,3901192,16158895,18494455,6624907
1000454,통일로37길,14,서대문구,4586010,19766886,21092256,7022530
1000453,통일로11길,14,서대문구,2613182,10277639,9639330,4008720
1000452,충정로6길,14,서대문구,3012783,12515859,14203006,9982061
1000451,충정로4길,14,서대문구,10794810,39626687,40098024,25109975
1000450,증가로6길,14,서대문구,5525600,23187281,23826347,6962278
1000449,증가로23나길,14,서대문구,9302855,37977718,37435642,9330779
1000448,증가로20가길,14,서대문구,7554904,30533739,29062550,5873656
1000447,증가로10길,14,서대문구,5489697,22739183,23524211,7213290
1000446,응암로1길,14,서대문구,6060539,24629488,24378548,6330649
1000445,연희로10길,14,서대문구,2444948,10001857,10388304,4810768
1000444,신촌로37길,14,서대문구,17021456,62879525,61509650,33304946
1000443,수색로8길,14,서대문구,2997477,12989848,13357284,3644954
1000442,세무서길,14,서대문구,5269211,21686416,22115930,7625875
1000441,세무서2길,14,서대문구,4738119,19783154,18303151,5181615
1000440,세검정로1길,14,서대문구,4636252,18543128,19254458,6663585
1000439,북아현로4길,14,서대문구,18543225,68723055,66466589,35725738
1000438,모래내로15길,14,서대문구,4300716,18004820,17430695,5300675
1000437,명지대길,14,서대문구,5673946,22854816,23079801,6502004
1000436,독립문로8길,14,서대문구,6085655,24297737,24728376,8222082
1000435,가재울로6길,14,서대문구,4316099,18335363,19517665,5668108
1000434,통일로92길,14,서대문구,6296339,25362183,25399413,7224156
1000433,통일로87길,14,서대문구,7413980,30008149,29806315,8693753
1000432,통일로78길,14,서대문구,4709860,19323942,18057738,5889790
1000431,통일로69길,14,서대문구,6162535,25329770,26040672,10270434
1000430,진흥로1길,14,서대문구,9473561,37298234,34732288,9638052
1000429,진흥로12길,14,서대문구,7080094,29288108,31104565,10715012
1000428,증산서길,14,서대문구,2514000,11164588,11658505,2724610
1000427,증산로9길,14,서대문구,3506648,13897497,12001432,1733187
1000426,증산로5길,14,서대문구,2698169,11488252,11363000,1725789
1000425,증산로21길,14,서대문구,8168707,32763748,33046955,9780006
1000424,증산로17길,14,서대문구,4691567,19001314,18171289,4177077
1000423,증산로15길,14,서대문구,3901344,15653285,14694883,2523938
1000422,증산로13길,14,서대문구,5968769,23921912,21836536,5066600
1000421,응암로34길,14,서대문구,8144171,32141360,28001733,9545261
1000420,응암로22길,14,서대문구,6094843,24371350,21178216,6799863
1000419,응암로14길,14,서대문구,5686583,22786984,22397787,8095962
1000418,응암로13길,14,서대문구,5563339,22717903,22885082,7365606
1000417,응암로12길,14,서대문구,5464391,22121786,24285193,7986723
1000416,은평로8길,14,서대문구,9856299,38734591,36936900,14891741
1000415,은평로3길,14,서대문구,7884576,32104701,33665076,11468230
1000414,은평로20길,14,서대문구,2941190,10959126,9235535,2771123
1000413,은평로13길,14,서대문구,5948480,23530624,23129817,7767435
1000412,은평로10길,14,서대문구,5534603,21684408,20507363,7099899
1000411,연서로5길,14,서대문구,7271864,29312560,26759750,6220435
1000410,연서로41길,14,서대문구,4600967,18655658,18560371,4160550
1000409,연서로3길,14,서대문구,6103675,24869357,24094206,6230101
1000408,연서로34길,14,서대문구,4915128,20077266,19882265,5358655
1000407,연서로33길,14,서대문구,4488088,18021820,17184899,5108162
1000406,연서로29길,14,서대문구,6427412,26406526,27863711,16429710
1000405,연서로28길,14,서대문구,6307263,26588393,27901094,23609076
1000404,연서로27길,14,서대문구,8454333,35261452,37161912,24865661
1000403,연서로21길,14,서대문구,6174042,25447125,24143879,9542566
1000402,연서로17길,14,서대문구,5917467,23919139,22911258,9385932
1000401,연서로16길,14,서대문구,7399215,30083651,30577508,10225920
1000400,연서로13길,14,서대문구,6325233,25587259,23051383,7559413
1000399,연서로11길,14,서대문구,6249313,25995147,24065451,5894222
1000398,역말로9길,14,서대문구,6849250,28358173,27959593,8669341
1000397,수색로18길,14,서대문구,1532897,5638250,5603891,2142208
1000396,서오릉로8길,14,서대문구,6288562,25393750,26911180,7312467
1000395,서오릉로21길,14,서대문구,4209899,16758645,15563265,3603292
1000394,불광천길,14,서대문구,8058698,32087631,32413131,10973285
1000393,갈현로7길,22,은평구,6151598,25303999,25174026,6365262
1000392,갈현로41길,22,은평구,6015238,24083666,22560810,4531665
1000391,갈현로33길,22,은평구,6298167,25613717,25851885,5327837
1000390,갈현로1길,22,은평구,6103641,24876369,21252033,4293450
1000389,가좌로7길,22,은평구,8973431,36667085,38971896,9735151
1000388,한글비석로44길,25,중랑구,5823311,24415563,22549533,6060223
1000387,한글비석로24길,25,중랑구,6520297,27084464,25493402,8835911
1000386,한글비석로22길,25,중랑구,4097425,16879260,16578469,6856058
1000385,석계로1길,25,중랑구,3435950,13927199,14026383,6005673
1000384,상계로9가길,25,중랑구,8437020,34920469,33627289,11532973
1000383,상계로1길,25,중랑구,5645493,23736802,25537108,14196993
1000382,상계로12길,25,중랑구,10063718,40596484,38556162,10457249
1000381,동일로242길,25,중랑구,2640965,11058742,10264089,3557559
1000380,동일로192길,25,중랑구,9194783,36844829,35476989,15690586
1000379,동일로173가길,3,강북구,6477250,26841294,25726881,11162941
1000378,공릉로58길,3,강북구,1632519,6320046,6583146,3075434
1000377,해등로16길,3,강북구,4334437,18156619,19204156,5089268
1000376,우이천로4다길,3,강북구,4909590,20375302,19607663,2620799
1000375,우이천로32길,3,강북구,3647234,15102549,15591446,3086770
1000374,시루봉로23길,3,강북구,2148755,8547198,7743454,2275257
1000373,삼양로144길,3,강북구,2171355,8494661,8727895,2075717
1000372,방학로6가길,3,강북구,4718062,19086315,21327474,7018561
1000371,방학로5길,3,강북구,5697181,23093957,22346909,6843053
1000370,방학로15길,3,강북구,2014401,8934699,8326635,1947653
1000369,방학로10길,3,강북구,3464084,14223099,15212185,4811561
1000368,도봉산길,3,강북구,1324682,5295756,4767034,1048106
1000367,도봉산4길,3,강북구,355592,1417660,1484502,386351
1000366,도봉로181길,3,강북구,2005652,7941810,6930792,1725397
1000365,도봉로169나길,3,강북구,1604102,6312776,6160512,1227969
1000364,도봉로156길,3,강북구,1808053,6886727,7035783,2201360
1000363,도봉로152가길,3,강북구,1945319,7404624,7855980,1456824
1000362,도봉로147길,3,강북구,4746324,19169458,19514046,5595348
1000361,도봉로143길,3,강북구,3371597,13841482,15440852,4525139
1000360,도봉로114길,3,강북구,9162726,36546463,36786403,11837258
1000359,도봉로109길,3,강북구,7256883,29387705,29533094,8639633
1000358,도당로29길,3,강북구,4501977,18180821,14728776,4357719
1000357,도당로19길,3,강북구,4404061,17718113,17009933,4157933
1000356,도당로13바길,3,강북구,4000669,16256535,18494931,5010964
1000355,도당로13가길,3,강북구,4124219,16710438,19098358,5860584
1000354,덕릉로60길,3,강북구,4914896,20705313,19803023,2552015
1000353,노해로63다길,3,강북구,2502718,10895200,13101973,2716320
1000352,노해로60길,3,강북구,7927747,32265241,33301570,11196726
1000351,한천로140길,3,강북구,5918761,22764511,21947284,8368491
1000350,한천로139가길,3,강북구,5403466,22540828,24425437,12167927
1000349,한천로132길,3,강북구,7484470,29422812,28608998,12551170
1000348,한천로130길,3,강북구,6500531,25437193,23503005,7235441
1000347,한천로124나길,3,강북구,5830763,23527262,22905943,8091821
1000346,한천로109길,3,강북구,3834693,15853250,14915429,3205918
1000345,인수봉로79길,3,강북구,2326316,9312765,8811355,1774558
1000344,인수봉로72길,3,강북구,5256790,21379302,20478189,4366889
1000343,인수봉로56길,3,강북구,5167303,20828876,20022598,4195832
1000342,오패산로67길,9,노원구,6058694,25455568,26376880,14588774
1000341,오패산로52길,9,노원구,5388790,21280900,20889560,4376494
1000340,오패산로30길,9,노원구,4762664,19270359,18650748,5596056
1000339,수유로12길,9,노원구,6646079,26960603,26997538,9353023
1000338,솔샘로65길,9,노원구,6341303,27150134,25277801,5896166
1000337,솔매로50길,9,노원구,6856791,28457404,27586855,9422961
1000336,솔매로45길,9,노원구,3925736,16134499,15304148,6011431
1000335,솔매로41길,9,노원구,6327764,25666757,23651398,7643153
1000334,삼양로93길,9,노원구,5692833,23243582,22976864,4984730
1000333,삼양로77길,9,노원구,5434582,21418283,19999370,3617845
1000332,삼양로54길,9,노원구,5315173,21927280,22320427,6018326
1000331,삼양로41길,9,노원구,6645187,26992176,30667755,10254832
1000330,삼양로27길,9,노원구,5035273,20076508,21210770,7574266
1000329,삼양로24길,9,노원구,7181099,29590771,27954429,6361431
1000328,삼양로20길,9,노원구,6360039,25739806,24174340,5297488
1000327,삼각산로28길,17,성북구,6672582,27887518,29963548,11968434
1000326,도봉로99길,10,도봉구,4486466,17328165,16131359,5442664
1000325,도봉로8길,10,도봉구,2951328,12470857,13586563,7307021
1000324,도봉로76길,10,도봉구,5732589,23718916,23884125,9665745
1000323,도봉로67길,10,도봉구,5069614,20441604,19298167,5595617
1000322,도봉로45길,10,도봉구,4795615,20070524,19194553,6936454
1000321,도봉로18길,10,도봉구,5445490,21911235,21439727,4965806
1000320,도봉로13길,10,도봉구,5236279,21177090,21882810,5508419
1000319,덕릉로41길,10,도봉구,6562927,27366681,28826840,14846061
1000318,덕릉로40길,10,도봉구,2624733,10646825,11444263,2716623
1000317,노해로33길,10,도봉구,4348808,18878448,18974901,5043188
1000316,노해로23길,10,도봉구,4763873,20279917,19751016,5349910
1000315,노해로17길,10,도봉구,6106691,25397645,27119992,8153874
1000314,화랑로40길,10,도봉구,3082859,12598468,13092865,5633663
1000313,화랑로32길,10,도봉구,4832799,18964196,18504585,5363867
1000312,화랑로1길,10,도봉구,6977685,27199750,23595737,7191619
1000311,화랑로19길,10,도봉구,4930737,20434555,19620146,4708579
1000310,화랑로14길,10,도봉구,3524016,15843053,15874916,6068667
1000309,화랑로13길,10,도봉구,3843885,16805021,16633648,6942396
1000308,한천로76길,9,노원구,3562140,14308463,14931814,5036272
1000307,한천로101가길,10,도봉구,2950889,12080031,11666912,2159735
1000306,창경궁로43길,10,도봉구,2962426,11857530,12982504,5723140
1000305,지봉로20길,17,성북구,4484571,18790898,18881948,5721722
1000304,종암로5길,17,성북구,2620135,10633123,11320362,3499442
1000303,종암로24가길,17,성북구,4285043,16474998,14539162,3560017
1000302,종암로21길,17,성북구,3995321,15535704,15516250,4371948
1000301,종암로19길,17,성북구,4663892,18754647,17123286,4295717
1000300,종암로16길,17,성북구,6081509,23964075,21631565,5025657
1000299,정릉로8길,3,강북구,419652,1675738,1992963,806719
1000298,정릉로27길,3,강북구,6202277,24335439,23899089,6319416
1000297,정릉로26길,23,종로구,3114463,12363868,12163850,2759654
1000296,장위로50길,23,종로구,2662310,10930446,10589883,2954179
1000295,장월로1길,17,성북구,3690379,15565083,15425288,5836303
1000294,인촌로6길,17,성북구,4242320,17296782,17272963,6123915
1000293,인촌로5길,17,성북구,4270118,18206337,20699813,9854098
1000292,인촌로24길,17,성북구,3499645,13883952,15568747,11715254
1000291,개운사길,17,성북구,1705426,6868526,8477154,7511594
1000290,인촌로1길,17,성북구,5516948,23026273,24943443,10703001
1000289,인촌로17가길,17,성북구,2941588,11989765,13700131,4983400
1000288,오패산로4길,17,성북구,5951743,25626057,23057575,8316399
1000287,오패산로3길,17,성북구,5734344,22543188,20268356,6150303
1000286,오패산로19길,17,성북구,4509551,19083617,18790007,6754183
1000285,안암로5길,17,성북구,4892156,19390952,19831219,7119218
1000284,아리랑로4길,17,성북구,6392980,25222046,27316568,13179771
1000283,솔샘로6길,17,성북구,2520040,10190423,9682720,3180005
1000282,성북로8길,17,성북구,2591668,10958858,11688944,3973136
1000281,삼양로8길,17,성북구,5138059,20954683,20930924,5804383
1000280,삼선교로16가길,17,성북구,3139371,13400724,14090337,7253486
1000279,삼선교로10다길,17,성북구,3127612,13178362,14768115,8231588
1000278,삼선교로10길,17,성북구,3919587,16440245,18455238,9749686
1000277,보문로32길,17,성북구,4977514,21429946,25874836,13686199
1000276,보문로31길,17,성북구,5295908,21666764,23503051,9704580
1000275,보문로26길,17,성북구,4057281,16746392,18223656,7344802
1000274,보문로13길,17,성북구,5304532,21905623,23314234,6398910
1000273,보국문로16길,17,성북구,3423833,13745993,13627952,3507892
1000272,동소문로6길,3,강북구,3113924,13195808,14291964,7060560
1000271,동소문로2길,17,성북구,3323387,13720080,14967714,7850328
1000270,동소문로26가길,17,성북구,5350276,22052347,24435951,13463998
1000269,동소문로15길,17,성북구,4980803,19395454,21956324,12042503
1000268,동소문로13길,17,성북구,5640522,22413502,26306758,12306111
1000267,돌곶이로8길,17,성북구,4840492,19105604,17810787,4103791
1000266,돌곶이로41길,17,성북구,3175650,12977582,13988141,2769789
1000265,돌곶이로28길,17,성북구,3605044,14963459,14308655,4053525
1000264,돌곶이로27길,17,성북구,4722872,19971891,20178138,4738831
1000263,돌곶이로22길,17,성북구,4234181,17184299,16926025,5648150
1000262,돌곶이로14길,17,성북구,4924777,19450011,18712825,4877082
1000261,길음로7길,17,성북구,3128286,12660134,13570262,4284511
1000260,중랑천로10길,17,성북구,4947120,19367661,19529782,7204710
1000259,용마산로94길,17,성북구,3409847,13700973,13501143,3161748
1000258,용마산로118길,17,성북구,5330564,22095170,20952780,4789605
1000257,용마산로112길,17,성북구,4168001,17230165,16437380,3653046
1000256,용마산로100길,17,성북구,3951712,15788542,14629001,2538025
1000255,신내로7가길,17,성북구,5227494,20843037,21773756,5335336
1000254,사가정로54길,17,성북구,6526264,26744090,25825203,8697917
1000253,사가정로42길,17,성북구,6272619,24681268,22781372,6516544
1000252,봉화산로56길,25,중랑구,6422545,25310286,23212538,6887338
1000251,봉화산로4길,25,중랑구,5619682,23215523,20229500,5976022
1000250,봉화산로30길,25,중랑구,7246224,28641117,25633072,6194206
1000249,봉우재로33길,25,중랑구,5537831,22823185,23626419,10166686
1000248,면목로78길,25,중랑구,8168835,33030383,31449084,9467707
1000247,면목로56길,25,중랑구,5237285,21428897,24131223,6677361
1000246,면목로55길,25,중랑구,4364881,18643065,18406247,5432370
1000245,면목로49길,25,중랑구,5443018,22470509,23085050,9325391
1000244,면목로48길,25,중랑구,5287689,21904699,23313182,7470899
1000243,면목로45길,25,중랑구,5313204,21341865,21935315,9710169
1000242,면목로33길,25,중랑구,5852777,23840744,21824528,4605664
1000241,면목로21길,25,중랑구,4587716,18716025,18234211,4348488
1000240,망우로73길,25,중랑구,3123448,13122971,12412408,3005586
1000239,망우로68길,25,중랑구,5796330,22350029,21408915,5500322
1000238,동일로163길,25,중랑구,4953540,20431829,18654434,5966865
1000237,동일로157길,25,중랑구,7996242,32563242,29996916,9603725
1000236,동일로149길,25,중랑구,3420332,14052207,14665369,3867797
1000235,동일로140길,25,중랑구,4905210,19677175,20295694,5798267
1000234,동일로139길,25,중랑구,3445149,14137498,15408129,4863523
1000233,동일로139가길,25,중랑구,4817587,19819378,20853044,6402988
1000232,동일로130길,25,중랑구,6951561,27572240,25717867,7216836
1000231,동일로123길,25,중랑구,6046851,24179582,23019704,7994759
1000230,동일로112길,25,중랑구,6096677,24856218,26752838,9406103
1000229,동일로101길,25,중랑구,5471883,21974378,19656587,6589998
1000228,동일로100길,25,중랑구,5843862,24260435,23304096,5987001
1000227,답십리로75길,11,동대문구,4766349,19407226,18501995,4248958
1000226,공릉로2길,9,노원구,5306972,21835977,19639481,6269548
1000225,공릉로12가길,9,노원구,2504029,9395149,11523033,2948984
1000224,겸재로54길,25,중랑구,8143855,32946285,34961014,9672908
1000223,겸재로36길,25,중랑구,5388951,22440899,22288573,7368351
1000222,겸재로29길,25,중랑구,5601771,22766740,22018288,7354400
1000221,휘경로3길,11,동대문구,5868801,23571658,25098749,11331242
1000220,휘경로2길,11,동대문구,4607650,18643580,19782587,9532499
1000219,휘경로23길,11,동대문구,5197988,21022839,20025577,5497584
1000218,휘경로14길,11,동대문구,5534275,23637747,23793707,8762311
1000217,한천로46길,11,동대문구,2751206,11291285,10051771,1797052
1000216,한천로40길,11,동대문구,4096574,16498799,15889315,4019908
1000215,한천로33길,11,동대문구,3324297,13336804,12260234,2910159
1000214,한천로14길,11,동대문구,5195969,21248962,20681208,6817142
1000213,천호대로97길,11,동대문구,2710984,11386080,10986985,2591030
1000212,천호대로77길,11,동대문구,3171686,13182383,13745758,5368814
1000211,천호대로45길,11,동대문구,3658452,14904139,15162739,6263766
1000210,천호대로17길,11,동대문구,5554762,21904372,20364935,7328704
1000209,천호대로12길,11,동대문구,2793839,11379478,10711056,3858283
1000208,천장산로7길,11,동대문구,1953866,7448444,9077040,4720830
1000207,제기로5길,11,동대문구,2950439,11687708,12432281,5522208
1000206,제기로21길,11,동대문구,3768790,15416170,15001727,3070804
1000205,전농로4길,11,동대문구,5494374,22391327,20680893,7201126
1000204,전농로3길,11,동대문구,6096348,25190997,23294331,7490506
1000203,전농로29길,11,동대문구,6017012,23947201,24279337,6907077
1000202,장한로8길,11,동대문구,3700258,15607636,15519955,4832399
1000201,장한로5길,11,동대문구,4719598,19520879,19630613,7063940
1000200,장한로27길,11,동대문구,4281094,17623696,16582574,8254008
1000199,장한로27가길,11,동대문구,4192712,17087997,16586902,6690799
1000198,장한로26길,11,동대문구,3273106,13152410,13519044,7399085
1000197,장한로26가길,11,동대문구,4292317,17108975,16982427,8118321
1000196,장한로25길,11,동대문구,4105836,16719542,16203914,8444372
1000195,장한로14길,11,동대문구,3106728,12707790,11773714,2859719
1000194,이문로42길,11,동대문구,5106795,20449521,21041570,5759846
1000193,왕산로43길,11,동대문구,5222659,21499407,21822019,6974046
1000192,왕산로33길,11,동대문구,3185112,13046092,15467206,7739645
1000191,왕산로32길,11,동대문구,3333340,13697756,13822470,4988697
1000190,약령시로17길,11,동대문구,4512301,18697560,19214802,5974402
1000189,서울시립대로4길,11,동대문구,5598223,22369654,20445975,7967498
1000188,서울시립대로29길,11,동대문구,7217978,28309284,27738724,8432010
1000187,서울시립대로16길,11,동대문구,6054151,24253603,24809393,8254480
1000186,사가정로2길,25,중랑구,4133979,16936069,17115814,7638004
1000185,사가정로23가길,25,중랑구,4071203,16447195,15424094,3210684
1000184,사가정로13길,25,중랑구,3077926,12270268,11088383,3077448
1000183,무학로45길,11,동대문구,3967205,15322407,15796810,6797083
1000182,무학로16길,11,동대문구,2828748,11413803,10869620,2654888
1000181,망우로21길,11,동대문구,4933328,21093472,22534028,7475804
1000180,망우로18길,11,동대문구,3444710,14676895,15860186,5777387
1000179,망우로18가길,11,동대문구,2702151,11337524,12127453,4415933
1000178,답십리로72길,11,동대문구,3998626,16150251,16055581,7166743
1000177,답십리로69길,11,동대문구,3097012,12323196,12173658,4210057
1000176,답십리로68길,11,동대문구,4535935,18354866,18258071,8472017
1000175,답십리로64길,11,동대문구,4139250,16838646,16415452,6433230
1000174,답십리로63길,11,동대문구,3975438,16160059,14896858,5526074
1000173,답십리로60길,11,동대문구,3974008,16037542,14797066,4361422
1000172,답십리로56길,11,동대문구,5322678,21868537,20715422,4913176
1000171,답십리로23길,11,동대문구,4749668,19088970,19730344,7758513
1000170,난계로30길,24,중구,3276850,13440945,13381304,7597455
1000169,경희대로4길,11,동대문구,5277896,20913644,21714167,14388028
1000168,경희대로3길,11,동대문구,3833592,15382291,16010347,10811849
1000167,천호대로129길,6,광진구,6631397,27502185,27465620,7304927
1000166,천호대로123길,6,광진구,5589642,23046603,23009989,7171357
1000165,천호대로109길,6,광진구,4949254,20103153,18976891,8940949
1000164,자양번영로3길,6,광진구,5380657,22146307,21580891,5064126
1000163,자양로53길,6,광진구,5932038,23893506,23969789,6932500
1000162,자양로50길,6,광진구,4785778,20213685,20290141,4646370
1000161,자양로45길,6,광진구,5182600,21050319,21137503,6335654
1000160,자양로26길,6,광진구,8256913,30920460,27897061,7367371
1000159,자양로15길,6,광진구,6364143,26061017,27694604,9204850
1000158,자양로11길,6,광진구,7563569,30689812,31438497,10032282
1000157,용마산로3길,6,광진구,4560270,19061210,18738689,7744550
1000156,용마산로21길,6,광진구,6325298,25513106,25179607,8345086
1000155,아차산로78길,6,광진구,2056290,8266362,9200059,3180195
1000154,아차산로65길,6,광진구,6701233,26788759,27344360,7696671
1000153,아차산로55길,6,광진구,6779335,26014153,25390871,7682041
1000152,아차산로51길,6,광진구,4692771,18693576,18774753,5715048
1000151,아차산로40길,6,광진구,7827015,32101929,32973970,9477833
1000150,면목로17길,6,광진구,5167491,21061505,21504203,5477641
1000149,뚝섬로64길,16,성동구,2534687,10496730,11434427,3377485
1000148,뚝섬로58길,16,성동구,4136619,16920805,17214031,4741914
1000147,뚝섬로54길,16,성동구,3644117,14904276,14416379,3785727
1000146,뚝섬로48길,16,성동구,5691044,23440564,22396480,6288698
1000145,뚝섬로24길,16,성동구,5321488,21671327,21120135,5754850
1000144,뚝섬로23길,16,성동구,6385243,26176886,26036405,8910698
1000143,동일로24길,16,성동구,6020525,24976638,26824341,12562209
1000142,동일로18길,16,성동구,5942251,24461309,25206110,11237354
1000141,능동로4길,6,광진구,6658410,27120028,25318839,6455623
1000140,능동로3길,6,광진구,6389392,25923316,24115536,6785933
1000139,능동로34길,6,광진구,3959313,16515082,16451976,7586438
1000138,능동로19길,6,광진구,4850435,19811944,20839853,10072471
1000137,능동로13길,6,광진구,7343187,30267446,31944735,17496562
1000136,긴고랑로9길,6,광진구,5202729,21077543,21456846,6514205
1000135,긴고랑로8길,6,광진구,3977125,16249278,15098151,4591594
1000134,긴고랑로7길,6,광진구,5462880,22346978,22490920,6250542
1000133,긴고랑로20길,6,광진구,7124343,29190581,28480025,11128138
1000132,광나루로52길,6,광진구,7201416,27658784,28554190,9134097
1000131,광나루로40길,6,광진구,6316595,24324310,25829538,7165854
1000130,광나루로37길,6,광진구,3193370,13085344,14769161,3932633
1000129,광나루로36길,6,광진구,5383641,20582962,19832586,4713491
1000128,광나루로24길,6,광진구,1558628,6433608,7752044,4167644
1000127,광나루로12길,6,광진구,5898781,23752707,23545518,9540040
1000126,한림말길,16,성동구,2163098,9127384,10130829,4152586
1000125,한림말3길,16,성동구,2533175,10164584,10380534,4313193
1000124,청계천로10나길,16,성동구,2718975,11169641,11944152,3770721
1000123,장터길,16,성동구,4829309,19194875,17522474,6101681
1000122,용답중앙길,16,성동구,3093377,12413547,12997743,5275965
1000121,용답29길,16,성동구,4593513,18578173,19151388,7608636
1000120,왕십리로6길,16,성동구,4840686,20156847,18615749,7589194
1000119,왕십리로31길,16,성동구,4937191,20161927,17908184,5752128
1000118,왕십리로26길,16,성동구,4618390,20319775,22382573,10901344
1000117,왕십리로21길,16,성동구,4561311,19379566,22141037,6132287
1000116,왕십리로14길,16,성동구,4575074,18760650,17393655,6354126
1000115,아차산로5길,6,광진구,3763818,15229713,13192030,5891093
1000114,아차산로15길,6,광진구,4026086,16674970,16748340,6252946
1000113,아차산로11길,6,광진구,2379103,9818388,9556109,5155373
1000112,송정4가길,16,성동구,4151948,16529584,16009744,5516076
1000111,송정12라길,16,성동구,3360685,13251513,13725558,5061274
1000110,성수일로6길,16,성동구,3618119,15164958,14761889,7902694
1000109,성수이로7길,16,성동구,2852266,11555099,11728746,6734187
1000108,성수이로18길,16,성동구,3573024,14806581,14559037,7174128
1000107,성덕정길,16,성동구,2460319,9790955,9673496,2670405
1000106,성덕정17길,16,성동구,4876403,19807365,19057887,6732151
1000105,서울숲2길,16,성동구,3198632,13209347,11616918,4612395
1000104,상원길,16,성동구,3885676,16085622,15817619,5086955
1000103,상원12길,16,성동구,2522535,10345012,10370144,3013256
1000102,사근동길,16,성동구,2351983,9666206,9533745,4665501
1000101,무학봉길,24,중구,5400680,22070069,21355827,5738526
1000100,무학봉28길,24,중구,3446893,15189842,17388443,6501120
1000099,무학로6길,11,동대문구,4111357,17603715,17914082,8542583
1000098,무수막길,16,성동구,5246743,19913443,20697392,7190523
1000097,매봉길,16,성동구,4014131,16005507,14786807,3840026
1000096,마조로1길,16,성동구,2650057,11152267,11896310,8578254
1000095,마조로16길,16,성동구,2847373,11472284,12236345,5689699
1000094,마장로39길,16,성동구,2515671,10103423,10628369,4208567
1000093,마장로27길,16,성동구,3374472,14417020,15473653,6590235
1000092,뚝섬로5길,16,성동구,2752624,11461224,11974383,4945967
1000091,둘레9길,16,성동구,3046781,12135857,11082977,3935056
1000090,금호산길,16,성동구,5707193,22319251,23224562,8322527
1000089,금호산2길,16,성동구,4983466,20018710,19720638,6528421
1000088,고산자로6길,16,성동구,4891353,20723307,24263990,9306148
1000087,후암로28길,21,용산구,3364227,13567637,12710090,3725441
1000086,효창원로39길,21,용산구,4505911,18238809,18193347,5473593
1000085,회나무로13길,21,용산구,3306180,13465703,12834966,4749973
1000084,한남대로20길,21,용산구,1291572,5140768,4825960,4379806
1000083,한강대로88길,21,용산구,1129350,4698837,5349126,2655317
1000082,한강대로7길,21,용산구,1786236,7305991,6781711,1947331
1000081,한강대로62길,21,용산구,1803761,7201064,8544323,4177848
1000080,한강대로52길,21,용산구,1530387,6049606,6876204,4631742
1000079,한강대로43길,21,용산구,1900775,7518186,8424998,5261003
1000078,한강대로15길,21,용산구,1322658,5022398,4745704,1581112
1000077,한강대로104길,21,용산구,3407063,13898750,14312712,5426964
1000076,청파로73길,21,용산구,3559745,15021312,15249771,4588528
1000075,청파로71길,21,용산구,6084177,25177210,25423857,7229390
1000074,청파로47나길,21,용산구,4555912,18505086,19586614,8777745
1000073,청파로47길,21,용산구,3343610,13775241,15355521,7660687
1000072,장문로45길,21,용산구,4290144,17661864,17529171,5505350
1000071,이태원로54길,21,용산구,2035425,8531089,8423188,6574541
1000070,이태원로27길,21,용산구,2795087,11749369,14419358,10694051
1000069,이촌로22길,21,용산구,1370676,6386383,5828496,1292664
1000068,원효로89길,21,용산구,4264496,17407866,17087766,7232708
1000067,원효로53길,21,용산구,4567838,18308889,17967395,6467549
1000066,원효로41길,21,용산구,2732242,11143014,10390545,3396327
1000065,원효로19길,21,용산구,2780462,11338322,10409001,3344485
1000064,우사단로4길,21,용산구,3413587,14355993,14977646,6465730
1000063,우사단로14길,21,용산구,2878648,12113626,13213187,8897570
1000062,우사단로10길,21,용산구,4666584,19692089,19390621,9964977
1000061,신흥로20길,21,용산구,3338390,13473087,12712690,2966300
1000060,소월로20길,21,용산구,3483667,14057681,13437082,3409038
1000059,서빙고로71길,21,용산구,1381579,5718932,5467088,1142951
1000058,백범로90길,21,용산구,4699259,19206315,19602464,6990110
1000057,백범로79길,21,용산구,5812150,23188601,22119488,7265996
1000056,두텁바위로1길,21,용산구,3629553,14886404,15597201,6246388
1000055,대사관로34길,21,용산구,2912924,12417485,11188495,5635217
1000054,녹사평대로46길,21,용산구,2235287,9358991,9258424,3431478
1000053,녹사평대로40나길,21,용산구,1559179,6444189,8211896,4421332
1000052,녹사평대로32길,21,용산구,1495131,6125774,8346885,7159567
1000051,녹사평대로26길,21,용산구,1919021,7690358,9840239,8329537
1000050,녹사평대로11길,21,용산구,855160,3568554,3405053,535920
1000049,퇴계로90길,24,중구,6725344,27358059,25480934,9560661
1000048,퇴계로8길,24,중구,1819368,7664272,9839989,6835949
1000047,퇴계로56길,24,중구,2620712,10696126,13000031,6995805
1000046,퇴계로46길,24,중구,2489056,10111913,12100152,6333527
1000045,퇴계로18길,24,중구,1027269,4310696,6289036,3303553
1000044,퇴계로12길,24,중구,1517763,6364441,8728313,5060942
1000043,청구로1길,24,중구,4777046,19186352,18938391,4777105
1000042,청구로17길,24,중구,4547479,18778220,20623847,8778637
1000041,장충단로8길,24,중구,3578644,14634151,15211553,5547841
1000040,삼일대로4길,24,중구,2100315,8970470,10878786,9540998
1000039,명동길,24,중구,2712306,11619986,15616209,16969780
1000038,동호로8길,24,중구,4013090,16665115,17200780,8859753
1000037,동호로20길,24,중구,4047452,16615303,18106979,7268114
1000036,동호로15길,24,중구,3810410,15851828,17212824,9377281
1000035,동호로11길,24,중구,3391550,13797471,12687898,6051901
1000034,동호로10길,24,중구,5688932,23003844,24296863,9346394
1000033,다산로39길,24,중구,4970691,20336888,21532105,9311562
1000032,다산로38길,24,중구,5641165,23302482,23736920,10373649
1000031,다산로36길,24,중구,4436127,18579177,17601996,5524908
1000030,다산로33길,24,중구,5547630,22731997,22807787,9502076
1000029,난계로21길,24,중구,4349374,17592205,16407506,5718641
1000028,난계로11길,24,중구,5934501,24318315,24001097,8633901
1000027,필운대로1길,23,종로구,2894970,11717076,12120306,4756564
1000026,평창길,23,종로구,200988,774543,789799,265292
1000025,통일로12길,23,종로구,3251486,12968834,12448818,4706036
1000024,창신길,23,종로구,7111269,28016752,26544845,5174892
1000023,창신5길,23,종로구,5870667,23420119,23468361,7918729
1000022,창신2길,23,종로구,5699624,22746055,22799432,6114382
1000021,창경궁로35길,23,종로구,3535434,13781526,14858894,6558174
1000020,지봉로8길,23,종로구,5652069,22913247,23598444,8606405
1000019,종로65길,23,종로구,6824956,27854688,30008075,11954271
1000018,종로58가길,23,종로구,3769157,15282298,16793077,9436264
1000017,종로24길,23,종로구,1399951,5816206,7111343,6006993
1000016,자하문로7길,23,종로구,2741588,11189056,12473653,5972012
1000015,이화장길,23,종로구,4314945,17213169,17890807,9051553
1000014,율곡로16길,23,종로구,3160901,12531921,13097924,6863674
1000013,율곡로10길,23,종로구,1174738,4831022,6170692,4780291
1000012,옥인길,23,종로구,2502365,10150080,10322749,2976350
1000011,숭인동길,23,종로구,5141276,21034579,23277013,9591380
1000010,성균관로5길,23,종로구,2787667,11205345,12488748,8815609
1000009,삼청로5길,23,종로구,489229,2018590,2288569,965876
1000008,북촌로5나길,23,종로구,482954,1992374,2239176,939840
1000007,북촌로5길,23,종로구,863463,3510284,4183017,2474148
1000006,북촌로11길,23,종로구,1037961,4267128,5184575,2436132
1000005,백석동길,23,종로구,465630,1924294,1855746,260718
1000004,명륜길,23,종로구,3251519,12360957,13269448,5218788
1000003,돈화문로11가길,23,종로구,1710627,7232258,9322261,7419011
1000002,난계로27길,23,종로구,3673693,15013262,15683106,9350329
1000001,계동길,23,종로구,1097666,4518075,5396727,2517950
